V_bus,I_total,CPU_load,RAM_usage,MCU_temp
28.074507122951683,1.066241086251281,12.275269812860618,138.69517273596563,32.8844588470361
27.979260354824323,1.0927740664642243,6.281045452440825,122.23285255315547,28.022257905432575
28.097153280715105,1.060379003950002,19.586920850418533,135.11075283712333,34.049584117781656
28.228454478461202,1.0846019235180482,12.770156470641469,125.47875390759303,30.89339494297274
27.9648769937915,1.0053192666523108,14.21279366478517,137.21925525095224,33.02985162012976
27.964879456457624,1.110664685368647,8.54914674061261,139.1221383678355,33.11161067102343
28.23688192232611,1.1000602737681113,12.252471276602057,136.7012776965856,30.68495437157106
28.115115209372938,1.0591455684465905,11.437242379374828,142.14886531434922,32.990689928527324
27.929578842109755,1.1329622834216204,6.1234376300297555,130.06827732722704,31.421760138631463
28.081384006537895,1.146878506881328,6.592405303212008,142.95319774899392,28.892934230992765
27.93048734607813,1.0196220067815513,17.562087794281616,132.9830124512458,33.75161288829167
27.930140536964462,1.0618637610716894,8.597299283098854,134.5255349496779,30.83743255547564
28.036294340734905,1.0615428825106352,7.924374072479458,139.44306381783215,30.71825980589292
27.71300796330133,1.0530048449445568,12.573671768752089,120.55075151997671,31.395401197944917
27.741262325123046,1.1414737420965875,16.531206970437694,139.61982664260745,32.40835508799108
27.915656870613855,1.09030869306136,5.929197778684819,138.55755447216347,31.914094383766848
27.848075331949836,1.0867742579344695,13.652118794573838,129.2954135025984,32.82210038706076
28.04713709988929,0.9998068817796624,6.7881566426086,122.57382854698469,29.990765950207013
27.86379638867182,1.1317709015104613,5.546915762384277,122.72806349739123,30.8864204443539
27.788154444799705,1.0380370802573264,5.791159282433261,147.69671240955685,31.8260043915177
28.21984731533823,1.1029966315133164,17.51246162312662,140.6783796367751,34.846830938988056
27.96613355492702,1.1138688468979097,6.769587254420923,123.81307841312221,31.829281192379362
28.01012923070319,1.1680329297919327,5.677270466184379,130.70169507926718,33.627833395492445
27.786287772067983,1.0345589800440445,11.568498307143685,137.77448981704788,32.05783275317648
27.918342591321224,0.9490243922089588,17.659902079130372,145.06715115271948,31.274512043843647
28.01663838845648,1.1091924772376849,8.93612564733953,121.30982786139026,31.62991336382834
27.827350963386653,1.1900255590755429,11.325689262888746,127.09899394410027,31.74737043195668
28.05635470275185,1.161947317646972,5.5988379884562685,146.6924697088614,32.905468608441105
27.90990419651218,1.1104829707637314,11.736177712023139,120.2749665055145,34.06191690136483
27.95624593753101,1.0754181907183977,13.664196209557005,126.04197308381663,32.53952127152948
27.90974400816559,1.1403561298318656,13.563605806282172,148.77072527918898,33.78061651811263
28.27784172767634,1.0513226900147767,9.986400382615479,138.40205539566514,30.55281539355547
27.99797541628931,1.1238178884678112,9.732997709947032,127.85014099912519,31.378054236778954
27.841343360656616,1.1252735079583314,6.599354284048968,122.00973283187543,30.9135461986885
28.123381736815478,1.153010495374944,10.501974809694026,120.84574021341666,32.47166688631228
27.816873452504346,1.237983001945554,6.49242003309447,127.34235238910782,31.46156242223088
28.031329539250713,1.1196207983589384,16.498939170680774,146.44457458766732,33.09465940555129
27.706049481418034,1.0745518187146252,19.49411446622279,132.47740962892527,30.603497432551336
27.800772092665234,1.0987212843904004,19.551116850000604,141.61000107497978,32.06454645998192
28.02952918538037,1.0115462047555441,17.976066490630906,147.54855106139874,33.03028686651838
28.110769986999312,1.065264343445547,14.011882240094288,132.2412138480845,28.902045837439083
28.025705242178496,1.079535878094345,15.512985458658198,125.73832113112191,35.18244696099531
27.982652757641763,1.0737955801032704,9.278087040206211,135.5135379257076,31.575272172680187
27.954834445661607,1.1076177436016863,14.46155630258931,147.24251061179564,28.962440129485742
27.778221701444885,1.0588790033808901,11.834743241598161,144.131232424131,32.23714084786518
27.892023368740794,1.1560515333662236,12.230260096653987,121.97489530089462,32.05016520195973
27.93090418435603,1.10001035324591,16.36664840562737,140.77718400232746,31.87715843064126
28.158568333932838,1.0995349839430695,9.228775333958776,137.15692567376863,33.48678666939
28.05154274343527,1.083605264174354,9.770594175417799,147.22389529039276,33.12116745714059
27.73554397669559,1.1077595341929491,18.86962686692955,123.67444250550892,32.44681428653577
28.04861259540922,1.1412549132333818,5.843364422764584,136.0210833961397,32.67523345091997
27.942237657937554,1.0566434892144552,12.284514476200105,146.38388080535677,31.84346232584287
27.898461699954105,1.0670941755462373,18.692012006117928,132.3007136022523,34.66323627386007
28.09175144332613,1.084813698561167,14.155445117272356,134.45984753198601,29.78120597246335
28.154649928374393,1.0327064538263393,13.196106113181981,122.11382033000875,32.20947751132385
28.13969201786743,1.0590371070139253,8.746162688440329,128.3443092134673,32.09753694678317
27.874117371516604,1.0761889563227671,10.149132335966724,129.7351994750684,33.21992060909689
27.953618143622318,1.1437194590356365,17.780726237070393,148.35367346234662,30.734219183862653
28.049689514710536,1.1131280664500964,13.388271976526871,128.48002081623477,29.384491096405196
28.146331769068354,1.1096794955683773,12.721132906351698,133.82606205808955,32.23523452414729
27.928123864323208,1.1425448981083988,6.493695703100434,140.1391327069284,32.4218457383279
27.972151153500427,1.0931314105800303,5.240422346826847,124.86550117223632,34.234399114171474
27.834049753899095,1.1195232424964445,19.455277830305736,134.59327161425622,30.094456930512372
27.8205690063879,1.0948389123533753,10.654792509302624,142.15617118427724,33.73204065007508
28.12187887335913,1.1132681174699814,14.048195931492565,146.005656390812,35.55112154604068
28.203436004285624,1.070862067119421,6.195726097809275,138.7877782398728,31.433352668716285
27.98919848176295,0.9780591420861786,15.246714285845698,140.07160545950845,30.063586670760163
28.150529934683803,1.093286041890685,18.988500630589414,123.78850417753706,31.389538450439943
28.054245403757147,1.1711374068049971,13.634978794961295,148.3732949173904,32.02100745105707
27.903232036809232,1.1463107701120796,6.891729835631159,123.97722232453447,32.84568181251037
28.05420934082626,1.1482698742295587,13.725822912102151,143.24018811545395,31.112907905242928
28.230705484969896,1.161806536090311,16.495208196569784,127.94448965334956,34.33279780122101
27.99462609413351,1.104432879548072,11.09624804861028,148.00779431103754,30.328201527487906
28.2346965483721,1.1098657853702798,18.197566219122017,141.5987861810844,29.3911922717408
27.60703823438654,1.0691174052282826,14.730244300360468,142.61441138935106,33.66006563643098
28.123285375656284,1.0841963571986477,18.488733774338037,126.5717751917965,28.5880684531907
28.013057060235727,1.1307885574885572,14.352579668710058,133.29119929905482,31.693805346690926
27.95514889743012,1.160194221858441,6.969319580072364,138.5343958376786,36.67652169381207
28.013764116480324,1.09302768621595,9.645375666577838,143.09920854619804,31.981934670560104
27.701864662809864,1.0774905367574295,8.026924223786853,123.11878127737168,30.318848523955626
27.967049216824375,1.10002639794283,18.632397465752934,148.87095949363584,31.91390380431981
28.053566885726763,1.1300603374464557,16.40600100931224,146.70662011663669,31.9237988170707
28.221684106711226,1.027807259193323,15.145975533650091,128.11045771486752,32.24097491052967
27.922259467258954,0.9851909523431381,9.514494794474325,144.68280729096995,32.99339447323943
27.878725959566022,1.072473157525421,7.760671580753202,135.5497176911947,30.44133324744839
27.92473644346232,1.0389643787042921,16.346766319833677,133.85419444686056,34.53132208285519
28.13731031765531,1.0745929901176345,12.112369188186195,129.43302317434217,32.36767142655893
28.04931266644895,1.0926109840591265,8.386843282259438,137.42905759894776,33.0901910696027
27.920535969434944,1.0773375795488493,14.249329672479126,141.89667353110792,31.057775900366536
28.076990114967003,1.1726233767235374,5.60500778207678,132.32798714888276,33.9295732054933
28.014561632402206,1.116337238230116,9.892553811923802,138.87657579024875,31.614421386780403
28.145296748579934,1.1150237179805416,12.02835491886702,140.9793876346591,32.4163287702403
27.894692035918396,1.1311103572021701,7.2193750116410875,141.3336545104586,30.600340884219335
27.950850678010333,1.0430583441109615,19.769817163862594,121.5589829439354,30.50460256039681
27.941183777030176,1.1519555893710136,8.136460468844213,145.792434170552,33.03230795967932
27.78047275778018,1.0962117856732272,6.955296950648983,133.74759944295144,31.33458975468892
28.044418041559688,1.1335240308620607,8.053023108303446,127.87248245088644,30.719265368743436
28.039158290826983,1.0464071383479923,16.535916997395866,127.25293522439044,31.035224986959456
28.00076701849637,1.0223120616991968,11.382584889077641,134.4904233853185,33.04842960757613
27.96481192999373,1.1408944829012515,13.48123909628807,146.60494618406878,31.056443208194583
27.787694388692437,1.118820476304876,5.315137354795411,131.3504274504794,31.823517602596755
27.936903201585196,1.0548974222821246,5.516469628599719,142.4917724035063,32.02254162543065
27.948592822520986,1.0565168459362653,11.687383247405243,122.90456192961656,29.12397667098455
27.879658409616756,1.1562717392207387,17.249828648024355,134.28170106453186,29.793310391939723
27.975807143250098,1.0405294053566336,18.27858318061348,149.75058421178207,32.504416833871346
28.06060762852218,1.1821336476627984,6.300598513934603,143.11313408377012,30.894455958270953
28.28292788518158,1.0549689632676067,13.075446531515341,126.3158546532184,33.585087366920625
28.026186671924776,1.1319195962804192,18.698445294189057,135.04324421093733,33.450210656375816
28.038632558608416,1.083569076212551,10.819591315968296,127.008742909457,33.07875299953316
27.988833112635074,1.1301593715541172,17.443487471425527,132.2868278178753,34.7296576809689
27.712184317705145,1.0727942998942905,7.005434815991543,143.40252071204895,31.875366008385225
27.996022918682616,1.0918603546963854,19.03091734501698,143.13674445871212,32.97332288885576
28.009034531491153,1.1020459587697862,16.27134976296954,126.84301133707156,31.123398535105952
28.36948631687279,1.0498906272109265,19.120015891803526,147.6666995446458,35.678554869303085
27.97114585528283,1.1370412172710065,15.149258503287598,137.7770454829448,34.97545047865403
28.04523210135004,1.0743393216764208,10.451058979991405,131.39772872886044,32.01782065177669
27.994793234544215,1.088570004232999,19.072717587870837,135.05806742342583,32.57987934485779
27.82469829435707,1.0502825312695745,9.133501644637677,138.1521376031323,34.038946399047205
28.171423422177252,0.9718833170602346,9.982587830925988,136.79671595537357,31.77929074277884
28.112789954903015,1.0904486118699916,15.512126270026105,134.59215106608534,31.01506389380044
28.118654792056457,1.2206307710806459,16.479744492880794,135.147984122682,33.310984626510326
27.86359188178079,1.1392302143949014,18.941052257737308,125.29235731283659,32.117658869125506
28.210419146640415,1.0990369810132803,8.072036135843142,144.38198712914038,32.27449167446789
27.789722340581157,1.0868554585395866,16.969970528288357,136.25280959823047,30.74859298539805
28.08802856407004,1.1011232946406024,16.078190800954452,123.9323958511411,29.423491777454906
28.328568343871495,1.1273559557587607,5.956918343803968,142.98471304748335,32.354213614818654
27.851419551230396,1.0409593592345578,10.808347118153105,147.97331935132053,33.3574430622413
27.915055340559583,1.1557160847334438,9.24148185590148,148.41920697710887,31.661289876385936
28.014947704763145,1.1357690657720623,9.567356365310456,131.07053197233517,34.1546442793383
27.92447865188257,1.1359092862853968,19.744203193320512,124.06550620682262,30.944125511876685
27.76740048534008,1.1219237869404866,14.641661202198918,135.55198879899194,30.41794331755112
28.010284446220904,1.1009808328846995,15.765142366902493,123.37827688047662,31.899154539205803
27.840654442941084,1.133643061798341,19.64926455972514,148.01962255537853,31.876111136973066
28.071038864595277,1.129590706687069,10.658026736864581,125.50738882065438,33.15495309700283
27.86208636486493,1.082297964452949,17.027602526792087,127.58297579853492,30.83755576390402
28.23249016075263,1.071319911355155,11.51796444956743,132.1990958065491,34.052141355222346
27.882512006149565,1.1050928147630994,18.0430050772247,131.4949340567738,34.95037544376238
27.951690772569147,1.1774510075747595,7.7098631196695475,143.83988677193668,31.941283959547487
28.12202758260545,1.038044646217305,19.215292655964195,133.68950461652886,33.87456563027648
27.815370352534906,1.026623736712378,8.281575626163196,125.12304780010011,30.41525439406211
28.03411899019062,1.1082380420618259,9.893307604713973,128.01629686458222,33.61283231177288
28.196071413142363,1.102544385092801,16.342883511601705,135.27340155562567,33.570914612839196
27.758877514815815,1.1086670832185206,10.9063271234811,124.42361752278404,33.29515592028482
28.027695078779846,1.112197659895425,14.1231706514967,138.34967026938043,31.97665536669456
28.038982419137263,1.0888398872682599,11.668602516041428,136.9724191965344,27.568626588136954
28.117273430766595,1.1744931719301042,16.135549056346726,141.44106949146772,31.037409284521807
27.814457393368286,1.0199548010761743,8.424968785529163,148.13113846138103,31.061125973473096
27.80193150803736,1.0585751487609878,5.876869808553155,147.36763683303468,30.532617592909283
28.078291234842535,1.0948372619925477,9.498940962095993,148.38226854206493,32.1833645068206
28.044547700984978,1.0178405594422917,12.114629973026453,127.34146791071103,31.371554831718147
28.037573927551882,1.0912072797783965,7.520300782890178,123.94695919918064,30.763081985352468
28.051967231424545,1.183073508286401,10.32195934484583,129.06830101489345,30.41179977762827
27.897996291763228,1.1010443244147983,10.999745274403528,146.85255518298945,30.926730521772157
28.034838054574152,1.1115350452859343,5.860877655324103,149.16160423870465,33.68224881777489
28.043960870994802,1.036991761741371,13.749608722763067,145.77974853211427,31.00846241805876
27.892847287296046,1.0691819295980263,18.265151419569314,123.30053163382631,31.22759194035009
28.279866176671714,1.0812401809838033,7.2761436942957864,148.4228399417938,31.31495357746513
28.071074938136768,1.0841142451621884,13.967120201022711,132.70074082052358,32.50849027071413
27.821304475419602,1.1640821897501885,14.971088073662694,120.27930872287061,32.6843742327928
28.098483041295076,1.1278845530362562,11.290020206289325,133.27181222244582,27.433015191135258
27.8537977494659,1.0444271021531484,15.51646381046405,121.38207509026402,33.53245282074141
28.118062690561366,1.1123252389216003,11.16097315236518,136.31633763483353,34.15455205136563
28.17378933685111,1.1249110874248394,12.569559319661524,130.15662082311155,30.424720193957494
27.876897652247244,1.1570074519260634,5.110295668316405,134.20304800782145,30.541552632897748
28.144506419386648,1.1790270343284188,15.375801712020332,138.3951108222935,31.324619918332594
28.061917139040474,1.0492452904086067,14.920140184170867,146.0640328745346,30.865993970815094
28.123309023999173,1.0594571244394833,5.576013159895169,139.85704729415787,32.33589031091991
28.28451894739809,1.0371211070542692,10.523751610926997,133.0214660543454,29.080212070461705
27.96319178259957,1.088299007044651,19.68547761187501,144.58283561011095,30.32310858794489
27.886939575346375,1.1233179187223168,11.311048438529252,147.16746412719397,34.30879580026236
27.866572835556173,1.149366725829455,12.529181076977626,123.59279899296591,30.607670048977972
27.877628457255184,1.0962024488178739,18.648952372395776,135.95798932658374,33.86514241715439
27.988434743587884,1.0840076238372578,15.758928137986347,128.5353587922733,32.533007293385204
28.051172796222495,1.107587899612437,13.731051966863353,121.41183593630842,29.28609842811761
28.0415036198995,1.058242854918499,16.96707022011609,140.05640085341958,32.95299379282431
28.124077487355404,1.2044769360847387,17.965493996839598,145.88312332377677,31.82349904671072
28.001950283781685,1.0196169486440971,11.853321076059004,124.88707963432182,31.31679941562539
28.218030111573597,1.1092370289447864,12.12662547397753,144.372409728717,32.36743563975801
27.960301475014308,1.201180310961482,10.790764034777537,145.60187200610824,32.71195022835019
28.408025374988444,1.100339992228,19.500592100276908,147.43021327999452,33.06138773296193
28.09385010216475,1.0904980482499254,15.457493814355256,127.95855267258158,33.76737927132201
27.87142636653756,1.0821277288594788,6.2483459931210845,147.11859195569667,32.61220386916754
27.839366125290834,1.0909804159118797,17.944394349695276,129.61988264209296,29.93654886682046
28.072370862286476,1.1686424237338267,12.208399112544022,136.57014040366508,31.28953181352321
27.96648058220112,0.9894069044335247,6.031308596337312,121.51522412496847,36.414572502902935
28.107100074113813,1.1766716850648165,13.245758827449666,121.31643265106231,33.08673659057259
28.070985643686033,1.028802142377493,11.25746418463553,141.6111963819661,35.55393095121725
27.98907566310147,1.0866673835382794,18.16624107293937,133.33439933933374,34.09315112329878
27.87298094228974,1.078537778985067,8.05991905414081,127.68877126107652,32.36270310733362
27.77277291629712,1.129427663488536,17.396969142382744,125.7124048807473,32.452110604671674
27.933022757189946,1.0200937824058127,13.365330367781791,140.09860472577654,31.94512994018473
28.12845981914852,1.1231086333040972,5.819154548202036,120.01204632076019,29.39329307623025
28.03211406161953,1.2012154811643427,19.57767951988227,144.17673507590564,32.02707087870234
27.8131391831932,1.0318412997703597,12.689228661547999,122.37748818389787,33.816011828813295
28.02597713887768,1.1094853083805198,9.363152813473738,125.74468844724359,31.100540007768195
28.057797606959326,1.0669008911101696,12.041102629838871,131.58709185897268,32.617929498592716
27.86742138456983,1.121294360309652,17.867866752762335,134.5457621914831,33.277386568839795
28.02305876589183,1.1009573888707878,9.573546865775953,130.64985347441825,30.635479341031285
28.0087313077669,1.0679256545477847,7.890145947300505,129.6213649495288,31.323045703484503
27.828554455325406,1.1243936142435538,6.936068703963222,148.91748036219565,30.473132764284262
28.053668104052242,1.1902174054893373,9.46789097585317,139.24739043730182,30.76675158996589
28.084117678955234,1.0904548104136351,16.700721305600652,120.70298866102165,30.06859207452041
28.16245768647629,1.135987897107409,12.074395477928926,132.9052772533294,30.64932730793296
28.158070307805236,1.0353363521064418,8.4122240554031,146.2502609923191,34.12918352119676
27.793349594806436,1.0521781811590996,7.492774994146238,129.04368559232003,30.62678445636456
27.85932624401273,1.123620313894019,9.990942147655687,122.83669034323165,32.18968882859104
28.0772552900813,1.1742058014267984,19.09886559328563,142.75154314769753,31.245696869493568
28.07706789263683,1.1177806674392832,10.145400688850366,138.18041495808245,33.76829890555541
28.077257152945908,1.0843470984738424,19.82186113931953,137.10937523479512,33.966743444905426
28.577909723598207,1.0999645702711678,12.278456836480343,121.60729678822224,33.29610497320842
28.085633576603975,1.0374796133015143,7.6874587743522635,124.21497029386552,32.459201829654134
28.17033484602709,1.1302257663177684,18.36710137690264,138.67648188639342,31.653410694738653
28.14310026452398,1.1441166531161706,11.905330597022402,126.23471524376508,30.212187943713126
28.09770868769587,1.0773954833583461,15.645070152567866,135.12210239245272,34.91529332168329
27.95270961330395,1.076497892612025,19.755673748137276,136.3464505808818,30.86049047337117
28.11384538307399,1.1132939114826026,5.75263025479961,128.5052157081282,32.995469520549264
27.884076217819363,1.0781640131979704,6.450418396813507,148.4527546662448,33.5893483589351
27.964477208989,1.0966933692687089,15.806851121941342,145.27392320506726,31.167079254642005
27.927195467825634,1.204986089458326,9.22737504943208,141.67120522898395,33.55701879097394
28.01228112090795,1.0876487149627003,7.764520954251486,122.33981599228227,33.14631980500828
28.347198785001027,1.082082992398939,5.590428197295942,123.18390057927058,34.59194575307265
27.71991022111124,1.0676229097182421,5.327700679793027,134.78344037594866,31.295980300359933
28.102939028556175,1.137209598574997,16.61728404679686,124.82140047572958,30.071203974080426
27.758092619321552,1.0909387913390949,7.01650141054325,149.34796390588423,31.241765366833235
27.929210220131583,1.0675313480839288,12.015809239567263,124.75560702082228,32.3132803138015
28.163342589545106,1.1660652016136508,14.088452227692246,134.62403506391922,32.08731909062759
28.009642002864318,1.170980150225682,11.425277008532694,130.92363170524516,31.409843155588174
27.838338283310605,1.0699788217130648,5.406599785043497,139.18159264362293,29.136203811534134
27.892704443611006,1.0066730024319692,16.75252253881863,123.87109226668275,32.70572449419366
28.1019396623402,1.1503756844918462,5.1576983681248025,132.9094928412717,34.9585167186233
27.89044500524243,1.065768508712,16.42834841566226,128.2411509842143,32.696376857184504
28.032468788437296,1.1395312799581385,18.39956740682184,146.63254574015065,32.91370327858027
28.00683577598557,1.0014948091144082,11.492598815857583,121.21757136404085,32.858667959232655
27.90225994785913,1.1446298669149655,13.033137096466973,147.41182482019377,32.5955700048236
28.321591613398798,1.039441403535961,12.154750889264808,144.98982415659,33.39749895030214
28.095087853347703,1.1365382059533262,10.838129279351582,128.92712149322446,32.5930605217785
27.69622861200136,1.1007136533918218,18.311368030555403,143.67871964031315,31.530984245520084
28.027968147215415,1.0523030290301678,18.409002660049858,120.93640681016242,30.806016634986868
27.900732030284743,1.0796481843536612,10.037245469623018,149.0059665088018,31.62653951707899
28.127865000219433,1.1343159228478352,14.22604631022047,135.79784827769367,32.471194244676
27.881121889235096,1.105294722655762,18.90361343218796,129.09843078196337,31.52587555831554
27.982789533779965,1.1292206490236243,19.430877484120273,130.87749637784032,32.471508024697144
28.075748091847068,1.1988220292257743,12.634385606330714,121.99216060381492,32.65872520055063
28.12986327912552,1.0217879194144475,11.7923720792649,149.68048542126118,33.24976914690527
27.819955538941635,1.1808606287484313,9.180414738927887,121.17875835452077,33.92419245325847
27.94982481462386,1.1052177968761607,19.38307809785615,139.64721369443578,32.117011127718285
27.928758203325856,1.0550607975838437,7.14221456709301,133.28207783119376,30.03833515227851
27.902000615113945,1.0334843187130507,13.697443640715875,148.46748654566144,31.482343854771216
28.264818136042166,1.0905439804611483,9.238254012779583,127.37999220920385,32.0660938511099
28.06074725664414,1.1460825055962232,9.18512435521695,135.96260471814034,29.246346865734367
27.810867406849745,1.0936225439811234,11.074528810642827,134.47068625748258,34.08299678015372
28.137679292058216,1.1755577465123674,19.981894037234817,141.08599332150305,32.213566868765696
28.318323429551896,1.0274412154974222,5.824494602597331,122.04030695857261,32.572029251870426
28.15486978908267,1.0993955526076973,13.678127273052972,125.81367390070065,34.0482896937894
27.7720945051069,1.037380327779344,6.238582370529158,126.4369446027855,31.05478575478648
27.927364889070063,1.1181815941312485,7.317812449857785,142.14452264525067,32.86106289632605
28.190036672377992,1.1443443695048652,11.59344412659348,125.67416088980221,31.835203815347096
27.893849580157184,1.0789619103159473,12.65690197019662,137.2047529167293,31.723869699476122
28.066572914221933,0.9697893071686434,8.88188612546786,126.45731461502861,30.841711418293432
28.116195108014402,1.1099474073398248,9.746856963116244,145.84874850251936,34.49840482052979
27.860960429263287,1.1218369275866755,6.3045053038389955,148.26556363468916,31.436749939886642
27.99107119659073,1.1202147377480849,9.548296757663758,135.5547892482672,33.04919637034355
27.51380989898964,1.1617891095911077,19.498376590708162,130.56926652627536,29.187488918792095
27.846341853799856,1.0464473160175476,19.170610725087226,127.02173325052497,33.76998279453468
27.962114777291028,1.1340108052725226,10.023174352054774,121.49343004569131,33.57831673393559
27.81283252270527,1.1596253756238988,13.562809044181424,128.05500228592487,32.14615116544596
28.244861695589744,1.0110706207996742,18.643930866664164,139.62707339835953,31.659586300793112
27.785478793305906,1.115982591295949,5.09275733961345,136.0085079392763,32.60000000842035
27.933993326995452,1.0747910084496166,17.16025355506388,148.3212383484278,35.433185991320435
28.019611086592914,1.0959238663449178,19.225543291833787,131.888317874751,29.35514495164477
28.216190993359916,1.117383824176917,6.369886015003356,140.81590026985182,33.17304108136119
27.784620677323083,1.0756385717943224,7.4217152904938155,134.67968242425366,30.632574046769147
28.174474562823242,1.0662145960419196,19.41119454157033,135.37728647772636,31.970122405550402
28.001534959152938,1.1017076208744012,13.063102154605195,128.03322943812353,31.628179821382005
27.85277370234281,1.04563770305686,5.212949517075856,133.64852330526,31.357522613303367
28.06931552113949,1.0457087435557408,8.864479981452938,134.12354991038123,31.984302306420908
28.02985895433602,1.1339686641478253,11.749155114032895,141.19927565246803,30.298743282083315
27.90996746842618,1.0425602982420672,15.393633665371516,148.21919997558342,33.54377065419195
28.010470312748502,1.1333156250454608,15.997405672051993,129.87963832447514,29.3087847332021
27.942202960470738,1.1231295646426978,19.931322693881842,121.26601405743895,32.80964676924251
28.01702760178769,1.0137096635604703,9.312667990756385,134.88885376501918,31.510196221198143
28.099319601178156,1.0661217673832173,13.073301528027129,136.33383996447506,30.243612659288818
28.237902522421802,1.1597054701523688,12.999853217894074,125.05321653395745,32.303575055898044
27.814327675175974,1.050941723443016,11.084678891708563,142.813938188282,29.664573369940282
28.31995500619844,1.0767797868845308,7.537428407636303,149.54787325324475,32.05957073257945
27.707186830071624,1.123103044662595,19.661848447757638,148.37324151025382,29.86568463828267
27.977232235744662,1.1391695254641299,17.79975779999879,125.91318116470957,32.69190812647675
28.088247580972688,1.0874230556977753,12.474995424413558,146.2608971970228,30.613463999554437
28.042148780160254,1.0701244902654181,14.048681340260448,141.13480909235054,31.323508974456036
27.90659507202691,1.1711184930849254,8.408915803394935,133.61539691420734,32.440924081914744
27.968781662446407,1.186944983189879,13.156806055876203,136.21832982974186,30.841186832236644
27.926049859801175,1.1489429025390898,15.424551996822137,145.48800524947376,31.913054000497546
27.91159528645837,1.1042659071282512,12.727505425798832,134.40404818915118,29.72925424813272
28.127440314553155,1.0595867139179538,19.85427755877412,131.1962210731538,32.946313405394235
28.053552322894756,1.0584777796721718,14.170124843715893,134.7974247907796,34.64737070832616
27.896063560710903,1.126125705263288,10.564605688882535,137.37389412105148,36.188313301864945
28.134939981314986,1.1209199110444343,16.582280414237573,125.67232961335047,32.13675221999966
28.04609492813149,1.1700799296473217,7.556937673724631,147.02723190800972,33.18230621119578
28.121929317825845,1.132522504626807,10.767737205593999,140.2256084648884,29.329061490638765
28.094444326288542,1.0248459849120093,10.204384255663788,138.99806752012466,34.254101489458385
27.87565074836169,1.152597380886146,11.47710642661666,122.98488678541915,33.16434275708616
27.915972843970454,1.0500969686342794,16.726697388930894,138.12521814517777,31.27409983257315
28.11209404076849,1.0808014364023826,12.262595482451111,123.62881986715477,33.855771200433516
28.09155553981502,1.112510010312585,16.91021675398944,122.36093025586197,31.618285885031987
27.99686476090538,1.1997833744891984,13.647333547097988,135.8193268692718,31.312962225478167
28.017599107496316,1.2554959278002682,10.13104151986333,132.08356602139486,32.713002388141234
28.191649734368262,1.1303361529568092,17.149681155252086,137.6643081046867,30.404968250254523
27.911264291674627,1.0908401690639806,8.574345058296373,122.67666504171716,33.532437146599925
28.082064607175507,1.1267252824240277,8.365744696996932,132.92949188541775,30.416015282109736
27.969671102134917,1.1443827712936918,12.567543860822536,125.24360145135473,30.42491781526522
27.96734781951592,1.0839666187221404,8.912738689431334,149.6130025777235,30.6354653173875
28.164816527798077,1.1897605677956162,5.136305524268245,136.83450637305523,33.139250056274186
28.123812452348204,1.1115035379595701,14.724462909482023,140.62310582822602,31.07483695772044
28.122026445400095,1.1248871544545698,12.66640732208597,129.76254842047823,29.978006323449247
28.19582182107315,1.133296212602723,11.682767217397418,122.84216744338032,31.091480000096304
28.003150576244913,1.121079330530723,19.50452771927473,149.2761258835061,31.95193644397927
28.102292945694245,1.1419470250234807,13.567987759443705,128.5877710614955,30.22854127450342
27.953459986510982,1.0691373406726539,17.95147366684077,132.7142455552072,30.272478336448486
28.048624952873265,1.0720849123026985,7.091753543077402,139.49591765107726,35.16694450114937
27.980478541844846,1.0449922883514153,13.538096946941415,120.74091893058333,30.70915189427917
28.014549394748908,1.1219750615310113,18.019694400963544,144.30777391551862,31.51543644684049
28.089273553815538,1.1389468251756059,13.74658635919847,136.0973457008586,31.449144498801072
27.87726689751498,1.1228886433075944,15.770212671905023,128.34651561206465,31.367964788344338
28.31385809135282,1.183724621667377,10.58065351718311,121.84823955877408,32.932020109953655
27.849097392775043,1.0997201990585477,6.386742755555999,124.87495246423325,33.42221442570808
27.81787170808184,1.1334370827796256,11.868504426906071,146.8510157656031,31.541068352702613
28.17371663102501,1.0454149561930344,10.917190862582864,140.58072671807673,30.145282570111476
28.11874940409444,1.08064501487628,18.00590273568421,127.4970516491067,33.911660341773356
28.093617972557823,1.134776887878289,8.659929535287084,121.96802294835089,31.856988363204977
28.09425182638964,1.1424551055371572,19.50101341302662,140.7184593715991,34.59548272228575
27.998162984072962,1.085301652616791,19.37207179706744,137.17223177903296,28.631621153652254
27.865411844277126,1.0964200374070967,8.71447464607158,132.13558573374706,32.29310483192498
28.01137068372906,1.0241063126659595,10.220779332159807,130.9083434757019,34.87790950081431
27.898425743273183,1.0821485399596695,18.433336113108275,126.50442827787325,31.470103796842764
28.14626796001266,1.1445191581759895,19.49933331344161,140.08833769612554,31.661759864998047
27.977941392774678,1.1287602508053285,11.65158654254066,149.12004083381612,32.44326753738551
27.876175420481122,1.1250332860690606,9.814955684613468,125.27145737510477,31.161806271672564
27.95179212375205,1.102488684359048,12.89141019877313,137.9134986004651,31.5318921019209
28.061939718141343,1.100353157931409,15.316538095486022,132.72555167237928,31.493277358712895
27.915441317079402,1.0669839430263277,9.102117730624697,133.40066165233995,31.05886889836044
27.876666940665036,1.1349414210101267,16.04709761928609,127.62441840383443,33.84328482530084
28.03655308172379,1.1210486472194696,5.774860356719616,144.75404626984258,32.691617048444655
28.03674498566631,1.1246009423996401,5.7394173914662465,134.55766812441723,32.37594234815495
27.92395852369433,1.073698257866621,10.794315577183179,136.30217556594792,33.21285651033517
27.92934425415725,0.9923328540064379,10.302097880910809,129.14282738391978,31.6034662501948
28.034807490603644,1.154857635587685,9.734498230507285,125.4542539700085,30.83869427247065
27.7827873487754,1.07605812719958,12.36529644003365,122.57731164608461,31.096063543078163
27.788880433843516,1.056861211797844,9.81100373467357,141.42357422774748,32.00267456165691
27.892233366812135,1.1346739455956998,7.8838687770213784,125.88702845063567,30.411182437440647
27.967982927243224,1.0803993680040436,9.642043236329013,140.70226062566394,31.249608475119988
28.0466361348397,1.1529968192023312,19.623564092153522,131.7112933814086,31.22582503719285
28.221303432542435,1.130850297478835,11.166701254922728,132.47324402968954,35.186834344743524
28.128648943480304,1.134178466160024,11.670691652875036,134.07532488278315,27.839277590099126
27.976009220505485,1.0317022144399735,13.6481748492671,131.0312552438263,31.73057041789155
27.997147568814597,1.16059719926932,19.7501115262134,123.01859931667771,34.58854068922216
27.84962059530433,1.113062526561693,8.624019146536446,129.28895430008538,32.182766696198684
27.99722302960114,1.08153614303769,15.219231657986507,139.91203082081816,33.13012621013164
27.95670120416198,1.1071694233671125,15.739770403125862,139.97353204406613,32.14973947264965
28.048407784050713,1.011188238355084,14.109866251895989,128.58672921719983,30.99899992817528
27.87591535846715,1.1204326405740337,6.328675094549661,133.80307879673063,28.63712609823663
28.077901977136175,1.0485314245908965,15.153084137413646,125.80341684035812,32.30818353055445
28.22991083695039,1.0323664857078234,5.961420665542632,126.31116244589508,30.83659009309641
27.983685977731472,1.0238820406891056,13.942139743248454,120.69141265219822,30.799496890752046
28.060256758314843,1.1556344187494965,16.093717658326142,146.90239649723233,31.251519116031332
28.103521598756668,1.0685368303153606,8.164548359299257,126.32119995224718,34.61729210993524
27.939816929217123,1.1766863854958252,17.62433011314161,126.8260163080939,35.60725631338096
28.033613872271562,1.0732099268473851,5.455307082995064,128.38804297935394,32.3258119062926
28.00188886011727,1.0146321021203528,17.657192954874592,123.82224215086288,31.302849164132407
28.014651414782325,1.044173778002567,11.904935759641475,139.17788649544087,30.234160373823183
27.88404853242168,1.161790581000347,8.263819098974668,122.2542885953276,32.7028102423191
28.003676526138843,1.0922050911031667,7.00667217490952,124.0260727897905,34.67435840009772
28.074699743686818,1.0725856351754701,19.299607513735587,139.34270179770277,31.628989419462265
28.217671541169256,1.1080009112926394,6.0899838137173505,130.18981861444328,28.431505938870163
28.14389062391278,1.1250891368083773,7.986401299038885,141.23843480103568,33.005074507723286
28.322977368626734,1.1558699407951232,10.21733521149569,136.72274234010428,33.47809956717507
27.884897865566792,1.1724249614946465,14.303522734416807,127.6806351918454,29.621231539421228
28.130848095508103,1.0820115677105457,13.172016279141475,139.52483851467986,32.26472627549443
28.027501300860752,1.0336976156958981,6.88465238618471,123.48821040878641,32.67683902420415
28.328470439982652,1.0793267419438364,9.345919756073219,136.0923114924009,31.890339046986593
27.878755257196726,1.1130140253291443,8.581276566290361,133.11444315135105,30.81384362137197
27.874041723672885,1.0518120536894695,8.20314281735512,128.03620748452323,33.52390583534533
27.910091103183397,1.052142454255248,11.167165047199806,138.120149932185,31.394930381046976
27.681415641353528,1.1171893940774944,15.560471788874853,146.14000777020848,29.7722207559501
27.921136746747887,1.0975673824214776,8.261793983258539,149.9671409928923,28.925788271495477
27.886130100766945,1.1016398497705795,10.500183195544722,138.23288306230273,33.89127427999897
28.022559067971432,1.0620752332649965,10.863761402617435,132.1411762298751,32.924995964706675
28.051263396366576,1.0884799642897116,19.646847941531153,126.75621300648605,32.13196032069375
28.281425625882385,1.0537883427865848,19.319995353186034,127.71288268185336,31.339588044723794
28.14256357572791,1.1445099205562395,17.00206374128114,134.38364934449297,31.20650237869531
27.91346445165064,1.1517624667361877,8.624883812287777,131.01833103842128,30.386395027337585
27.865237799297745,1.0076906068880953,6.0205597113750455,147.41443567874833,31.352816533160173
28.073787875725976,1.0535244569903797,9.753562065809371,131.04886402967128,28.819869177319738
27.801965018946905,1.0251735372454962,9.001918241507463,131.20333773436306,30.895904519797227
28.274718814878153,1.067498803279655,12.588887002195907,131.5060353730193,31.53359372547336
28.176916018108194,1.095828101510482,16.665918651016895,145.09860631102976,32.91482007078563
27.929623652184294,1.0275177390150736,17.87484408318287,139.52364962540705,31.940110304939953
27.74302982063637,1.0539070093437344,17.672961281157626,138.4250655095668,33.19238467081334
28.203080856124814,1.0498021313959252,10.395133418346017,130.02429067151587,34.02370265767014
27.98281902321211,1.1103633664699473,15.308515151910244,144.5371253049732,33.587255140736154
28.18567244679602,1.1034672168518127,9.6925129628633,121.15091584067103,32.705764771067834
27.760835851180843,1.0639131223331375,5.91358314852774,146.1239151701434,32.01779401877118
27.910093746556935,1.10884104360697,15.523478984044134,135.38249699381788,30.52881798737966
28.000786554957728,1.0726659957706368,5.147413288546818,131.9475070459024,33.10991607706897
28.007047089064713,1.0864172444836975,11.137738811877329,134.91501842153056,34.519621073332296
27.932490179278112,1.183672604514927,9.940689039531136,140.02246591601494,32.513159059475626
28.093427489852125,1.1670230525895176,15.400663077782786,120.38296279553693,34.87588872263918
27.83985693559261,1.0350209381536202,16.493682091405685,146.14655569374742,29.711642437908374
27.978643077246804,1.141486620893959,9.561419539569258,133.4021857593418,30.268754922830688
28.018044344756785,1.1405698277245797,17.174405216672803,130.28899559100233,33.28280226162239
28.077165825108814,1.042586835562369,9.408751407574005,124.14736696902172,32.39643531522988
28.106742231713334,1.140938882187743,11.694895399798419,133.18396123075325,33.97067326485771
27.83130368622432,1.1768965959206277,15.905277905212008,134.88968313853135,31.97679253890989
27.76988287438966,1.0438727596877795,15.393803438371828,132.10940083480432,30.698036866207502
28.191651523284776,1.0541248589492869,19.810527084683002,140.35980281480693,31.679610136692435
28.04984710179694,1.1508830733421753,8.377415363238978,132.6268958627768,29.700974043614398
27.887727019516518,1.1135747655412824,14.934768703093736,148.8425273353972,30.30711399035445
28.23267279632838,1.1275738137619762,14.14522862413666,137.97832553470775,33.458665996877016
28.017351195143927,1.1170294608200249,18.72647681735045,144.22433806955726,33.30918112170441
28.176894577609573,1.1195347960464073,7.345432124673126,123.28067709328437,32.544506427209114
28.010127772211515,1.033676393584446,16.276972453803992,131.91873878837717,29.418383718559298
28.3091121887323,1.1523658853310725,13.524029244031524,130.10543104341457,31.462394636730668
28.263301126366482,1.1584794996213887,9.11998804681858,137.08447164409776,30.162500167009924
27.96265537772814,1.0885304627965986,12.116523712207611,145.83340560184277,33.76479988068165
28.145735642643153,1.097826152509307,10.006648956046966,122.3501465328602,31.1244167996561
28.096806392437774,1.023444624872214,13.689701041826913,122.17724394134132,30.371378433827676
28.205294733629852,1.1257127378008918,18.33500916221999,145.50953124472795,32.04469424768214
27.855261480912983,1.1286028720857073,13.53957476618303,126.38550258115072,31.03976831474808
28.102907718999766,1.0968904491500346,14.47583627489876,140.06259763349442,34.22561586530556
28.158763673027437,1.1562176679935252,12.781217706720643,136.28634397082416,30.897783653698713
27.73618907703653,1.0832961384510031,5.767482596682139,144.9868078466169,29.901157611163054
27.822511223100133,1.1282302962946802,8.492878353141414,123.75266729509211,28.770629726363726
27.694115173335984,1.0490167830653943,12.380025941481241,123.89348897167834,31.953820246379877
27.959588974833316,1.098822392456288,9.653529256170572,136.7045508083492,31.15710482921311
28.107631338369394,1.0912822871048582,7.726453966417913,148.39135960075112,29.85664309023241
28.225353557814405,1.111265396102047,12.561992628776576,132.44993275112262,33.78383969188368
28.011114217062968,1.0815236535583321,9.842146901717754,129.80826300764085,33.00086772114386
28.244292331835695,1.0934263702164166,8.87161464760122,138.20067969593657,31.957673181594156
27.792984781267766,1.1413023585720754,11.959781261605713,147.91345801635094,34.0464893662563
27.744492634096726,1.0781617881380892,6.999263871232597,145.1078349853387,32.99380405009792
27.99166784516551,1.0196711449630662,18.91618599613111,149.8645083219966,30.76571614772235
28.057609817340897,1.1874791952102712,18.015531468788588,120.67705749607131,30.44116975401385
27.995095787785885,1.1690727039345243,15.61430878610803,123.38574434138286,33.22697231668079
27.68988368499402,1.0353868652447191,6.593207413826843,138.28403290099865,32.59455043470103
27.986631994073083,1.1344853902622598,16.638158817045394,144.61729318001548,32.25462165195599
27.80432957492427,1.074851261472433,17.119359921635287,128.557330269203,30.730253295696638
28.100450882324505,1.113174360766553,16.516469265715067,127.17633264102656,32.91192135050863
28.05498973691453,1.1147112064506748,6.709488306788618,143.60927398143602,30.866751675299078
27.859018032050898,1.088279609984184,14.658619356016471,121.69145561559695,31.847020018109482
27.922919962399497,1.0608117167206803,17.51487193624098,131.08147942747755,34.17041621958047
27.841117971716656,1.065472947384187,13.660301018295016,135.17427667776988,31.008748646284783
27.990598135409023,1.054190404225938,14.696110628421335,136.8104602305097,29.640516114390707
28.143271348075185,1.0584088895884778,11.875452191394594,141.8584547037833,30.421179212194836
27.852141093049667,1.0966410854975324,12.93060979826079,130.64537170291976,33.49144824003143
28.075606977327677,1.0642120005444624,5.515652875275878,138.3805303402382,32.382096706070314
27.920461357244132,1.1341026032856312,14.58444532959927,137.5612626837287,31.80668393196687
27.88106907516065,1.1743623077667964,6.2217081933673875,136.42848301961243,31.236359292032645
27.983945446006818,1.0709973379314979,11.525218915103352,139.21449879426638,32.72803986132978
27.844713651637093,1.111970225026769,9.389826465011117,127.78347513204228,30.726342723514666
27.916952604197924,1.1249842555151468,13.181419253175696,122.53946260753887,32.45849835296389
27.820318316111674,1.123600113545964,7.001245032848106,123.5781501611923,30.903118146780564
28.294708769937458,1.1037977633958045,15.374651029599773,126.73747147961703,30.65351092208742
28.00528953279576,1.1371341209179862,16.925173053927054,135.00593806568355,31.043768847762482
27.89504117380111,1.124112447634033,7.450316746147347,145.21328251638062,31.436888830274057
28.032096986610135,1.0381168788836352,6.564696310278233,141.03880026265153,31.926755246099447
27.983150792546375,1.1434578032194638,7.182732241810387,143.6712181260614,32.35318369266667
27.966854560070015,1.1443645418633372,18.156913428477527,130.52926871778274,26.467452062857333
28.092125005006515,1.061835694791071,12.922838926345342,132.1396122494565,30.788524163379854
28.113626156507095,1.1018968917723801,12.00891494011254,131.8104565797184,31.41264503396594
27.920424827858422,1.1341664496405535,6.600677286535314,125.75619553213505,34.257593057912494
27.913627263903297,1.089534309021032,14.743340101354427,121.83649974430716,30.3799960874268
27.958742245427253,1.1536489023883008,18.019993878426348,137.7274827848168,32.24419492714987
27.654711825289663,1.2181936247309681,17.422788039851795,149.67650050261759,34.24254546460376
27.772721340670216,1.060700698368251,14.39082063471202,125.00489114850788,30.030547205079092
28.205031140116677,1.0309477698423113,6.129180749775104,121.40054459697821,32.59096283879661
28.24674515702519,1.1151909297802438,6.685955407640194,143.385950454718,30.796592249098218
27.962644594066543,1.1360781252563072,5.73963480664737,127.57758020054173,31.24304938656615
28.086483544458364,1.0884566813077616,8.862188247387039,144.88931416058784,30.79533374907003
28.04668752318153,1.1726630331660517,7.034922007405666,141.11810001103547,30.902214037376172
28.461832121268287,1.0330697100138377,8.900720603786509,148.37020611152414,36.08286822185974
28.167936236715185,1.1346459311515806,10.775870835784424,132.26781707270015,33.2666838081075
27.980812361277884,1.0697069589620554,19.144741761067035,139.85909518351903,33.652606792679315
27.856668933909937,1.1859688953103649,14.15564089672538,133.94564342439813,32.737990230254745
27.759033051961364,1.199625767658406,17.524606785244437,138.91766091925632,29.590614817397064
28.030519545380084,1.0616671706108327,15.655272510684984,133.48796718023212,32.59243695548496
27.886547388207354,1.072522143204571,6.687546957899476,125.65896739272225,33.60939442176102
27.78666194356035,1.14297939434899,16.03880609560923,135.23692248010144,30.719900788941334
27.90301406736362,1.0806434675105243,9.126483223386867,135.85752604312327,33.44799000074169
27.83776779945784,1.0977294391033883,14.586617704920595,144.31811544780484,33.056504314781115
28.253071245260884,1.1012694210271206,10.114429604644828,142.06562117380744,34.77806006722051
28.132245963542417,1.0040163421901172,19.965083948969887,139.9137487182433,31.37332548122957
27.998804103802506,1.0993081126952882,8.953272192451667,123.40161286657718,30.35358352658641
28.221991620833503,1.0655136112967913,9.186957061614045,141.61848871991145,31.45755783594118
28.01160524614714,1.0753438588800115,18.960083833435974,135.00915469063546,34.153356489745434
27.87080736980076,1.1721816001734409,5.36966606954484,146.8229860831848,29.257391178737056
28.228468611590447,1.0371746552860373,15.450334818097954,147.5961280239163,28.897436426853453
28.0808365065527,1.140660259337399,15.879895861038172,121.65469771805357,32.13409291839742
27.84441307685103,1.0860518534834096,17.54567866115599,144.61924681063437,31.336116060838766
27.97144919828746,1.0860119915752084,19.61658965957713,121.13092171268012,32.011591839763526
27.868657261992286,1.1395185948025857,19.634028787349784,131.01508877085067,33.4179676568538
27.79258004035535,1.1170025647284445,5.979151363496959,136.26899926863237,31.17114598082172
28.138926632129746,1.1285306498609766,17.327589841293538,124.44302395881382,29.19049125360407
28.28641249607052,1.148409233026643,14.69464900486072,142.3894143770723,35.066722335799916
27.79021486392713,1.0834345808408339,14.710132015596368,120.25064112516415,30.504157568841837
28.084445385503585,1.0693881632746125,6.925248899220422,125.05797145302111,30.411444316981854
27.902403614631726,1.0457424736721102,14.7528074966848,137.42390489560427,33.6555800205839
27.926931192435294,1.0587294735010524,19.73723870901872,141.4316268611188,31.423266318437722
27.91114091136417,1.2474547212654363,18.677278543091703,147.4992930808175,31.904915221947785
27.87040138454803,1.1622339790368394,11.586959912072757,141.1648995580387,32.72418518609048
28.007278244191724,1.032446281689599,5.599219599291415,140.15337810764598,33.625374654664995
27.875357482538345,1.0338771021628217,10.434402350003072,131.83023439051993,31.49980896022734
28.040568523866977,1.1240933030859246,17.395854674008326,120.03853276580404,34.27992800887145
27.99246428358263,1.1273632398688984,15.522486521977491,123.60477776206866,28.79630022689779
27.96415779297004,1.1274441917658684,11.890154833909346,136.03663634268116,33.13968085542962
27.863865450693762,1.0872522103223152,5.826523027382466,140.2538965753326,30.740708662973514
27.91348430041475,1.093727286999855,11.403420917349539,132.52344851689386,34.05840697491199
28.113308683873864,1.116393976207968,12.035374095768253,141.9203703458517,32.21306671824582
28.075137578143657,1.1042946503146667,18.92833299341204,135.65586885996535,30.990642001985897
27.853366713280217,0.9890349813626234,14.616291553732392,122.22528586782937,32.994261639532446
28.014899845814384,1.0885100184712404,9.674793749819735,125.76048752903847,33.33978252081088
28.112708068505768,1.0574296782869843,12.87977396676082,145.1999466973183,32.96284118428796
27.749589207831793,1.1087605709454258,5.990829617332401,141.74738239873318,30.455455640550408
28.08150402885699,1.2492629501301706,19.588523534746052,146.84285961037486,31.27397431456687
27.900606436158125,1.1183740832737152,10.40089852896089,123.5267174736281,31.99389074431785
28.085589800288975,1.0843235156913802,12.168010323697036,149.70667603845223,31.93811052102491
27.885511126518622,1.1460900750988627,10.32925961355384,126.282201418498,33.12461821315752
27.72926768490032,1.1241343943604607,15.237675951743002,120.35339628859926,28.97764815124009
27.755868634317526,1.1210047245225923,14.933482374943896,149.92268817160664,32.501490581830254
28.007212741999208,1.1303425296607836,15.729834657937035,128.4322165633534,31.56502796834504
28.038958375258222,1.2028271782414772,9.022148444178812,140.0405835753768,30.74224907542407
27.86435250623434,1.0434555782337043,9.73502721746099,125.30046942528915,30.8862698333456
28.095788868816605,1.1236816038405728,6.87876846644312,137.40685596597424,31.678193503223056
27.750771990659658,1.0536809435009231,14.832649577691688,147.12104959363677,26.59837234331072
27.9900880302029,1.1277756323171124,5.5969569100347885,129.60543502285316,30.948065643812676
27.81834757003563,1.0540656744256953,13.965235032851886,140.10761928133078,30.68627776303056
27.902224583829675,1.079131659319746,18.045438272774508,125.63710766395249,32.79917481398394
28.007109800697464,1.0852455042881048,18.362482224344504,138.74386196156175,30.79170997623422
27.870937995207406,1.1487908359672356,11.735566405549426,130.0935105545253,31.677329299744265
27.942316668365525,1.1459227221971209,11.889555323196106,126.33624775763855,34.313414941491956
28.150943921382165,1.037714131177681,6.15453774512026,129.39546152110904,33.49152727972314
27.91346621957153,1.1027467055499924,15.061475381645536,125.36523205523397,33.35340709991518
28.12535381680977,1.0645210072625415,17.318891305592683,147.0574832351365,31.250191354383723
27.830543971801358,1.0370747544662333,8.669825819070695,131.91560658951386,32.81454841893448
28.079470626687293,1.0891491474787816,11.319513224500469,127.35837914923101,31.649153299319607
28.216235293098684,1.0845758605772091,17.582590051479055,133.45223523047798,31.705860183984594
27.62925332498091,1.2213358243172763,18.156807014934323,129.61608500419487,32.614528015619825
27.880465711679427,1.1216479912680348,8.64769970396339,142.33257761439978,31.104509617368603
28.086560819077082,1.0311191249622882,13.258559518120464,149.13659735656483,34.239504656664806
27.96954319209355,1.071761299791453,7.887397259537406,133.1410097009294,31.759804790603095
28.055671881005697,1.15106916477147,6.5281814620933485,145.8310019991672,32.927540849389494
27.909402221992625,1.2044221386434963,18.666807520879363,136.9758922067886,34.18340071888595
28.012988468120934,1.020700834388102,17.307612563481637,124.717069952827,33.547480661862764
27.976648414691187,1.0060037807430477,16.40052352704761,140.71868226244024,29.886621345964212
28.17516730924897,1.1935482587685893,5.731494782197107,135.4030349137746,32.667343842514825
28.03816312649518,1.1194807088685452,17.65593189065386,139.5181956975631,33.27607909169097
28.05064039931128,1.0565853634061817,11.570661138580757,146.69062237714996,33.33779453324112
27.93821845508163,1.1267314543061218,10.135926849437894,133.2130371196814,30.330057748828054
27.926859066389127,0.9682126130491562,13.197145415380646,147.03532869652068,31.014447144474016
27.935116271827056,1.1001687753298581,6.3702986408533375,142.52007042844966,33.49183735361243
28.059167821356745,1.1163910586421544,16.34969824028598,134.65814777633955,30.85735944397603
27.93685232787696,1.1462135069768915,13.736526153324439,138.09666406973892,31.55045591500353
28.043466228534463,1.0493052023853733,7.798851453097512,129.76743397557036,34.363813714252956
28.311310119796815,1.104284358070168,7.8234829965356845,149.50791899216324,31.928301124422816
28.130668705514754,1.0537287686970207,7.763729773590113,140.0205348915119,30.909838793249236
27.951096470174825,1.112769187783716,5.8550358132790095,121.3154055748989,30.683573964705644
28.180182088324592,1.0552326838818489,13.816976740575273,129.79865717244027,32.49907899437778
27.938788694046767,1.079594958041989,17.60522266382762,138.69943301277172,30.000277987284186
27.694281319723324,1.0502092302604886,5.262473209810829,121.6899983339772,31.628996054155373
27.84878705336239,1.1325568120911829,5.735069674569103,120.71652573957428,32.499845802485034
27.719381211846123,1.1429225558328333,13.591554150304187,133.50072718583408,33.9487247308215
27.947272977393805,1.0882689715021294,17.292435280790784,129.9807053907801,33.001322120554995
28.002762756878433,1.1019118997480015,9.901083358529505,133.14895824099497,30.928902323026733
28.251465596841292,1.027570429268323,10.244215982115833,127.88079929640016,33.76762897634558
28.049039106064626,1.0850161675996608,13.945197462451638,124.94153240828943,31.550727443678785
27.96713492067867,1.0974897691479129,9.113193336862205,140.67430070941012,30.146445466925886
28.124410837177525,1.2310396545514988,5.399125491165262,135.43713348803402,31.74193796110179
27.668329703648816,1.044401648711292,16.02842777152394,126.004626337481,34.157253801718554
28.035342183716285,1.173208861937622,14.384748694121797,129.58768278779996,32.247860075097385
28.115629779083044,1.1498429386732905,13.711339985834886,137.7542372298998,32.018782796494676
27.778212063133022,1.114031820224507,16.125261934877347,122.16688044817434,34.45581746705428
28.171563106481038,1.1879310242097567,15.128462563430563,124.42359027798538,29.85296772941836
28.050774461124163,1.1186052736303433,8.088229822674817,122.19736812322171,30.071601328920842
27.93770681291488,1.1194579597833965,10.287215704150267,144.36951998142357,29.576230293549752
28.094917279915943,1.0973439673491228,6.891652125179375,142.57227699636027,32.55897227972008
28.34060392867066,1.1611784441209314,6.947855201268215,142.5993879563777,32.24973969067268
28.027279938258776,1.1548234616905442,15.142936195348089,141.48976030428085,34.314104550919666
28.03723308794505,1.0687161356251895,17.879001604737475,140.08156271009608,32.365212615705154
27.931095865068965,1.0340376402700617,19.440988757917083,134.30975746134524,31.393764260781047
27.87252334458028,1.0898509681302173,14.425206763241667,139.26834490521344,32.00269230931716
28.124550372481636,1.0599980717801178,7.761519850414355,121.15084664363924,32.176561127691436
27.87158742611367,1.0968237712692324,6.584755181733961,138.64393267970354,29.492358090007748
28.01073493558291,1.1618719067342071,17.192764573051367,143.3363311661063,36.065497466502336
27.928351382985234,1.0771349172456606,13.68134714539999,135.0107508115317,32.779806527152864
28.07184697386196,1.0978588309344213,14.274275315205799,130.7253998528171,32.315012462033884
28.050049315793043,1.1029011367404198,16.72193133132064,128.32280204402937,32.92274597641787
28.155630991638684,1.1424215441102643,15.549158415986774,139.28406150486248,33.06411647087991
27.923497540171788,0.9876555333007698,17.51687379284145,140.78403595889728,31.78916977174635
27.959518759705993,1.0696649852617353,5.843208581898177,146.12902799587627,31.05313829563895
27.853185442632654,1.1105641846139738,16.212809551197573,130.27002247382973,32.899176029482554
27.933356010988582,1.160003947821343,17.762791359831432,143.09316922156756,32.57856626079718
28.05659507395673,1.0754048776246898,9.292025636874715,136.84067472568015,30.785164851365888
28.1135482924968,1.0061723646979064,14.606709109898793,146.48509472034237,34.128553417050895
27.861675201373355,1.1309855722983069,9.71243095755458,135.8343632488686,32.44002805448447
28.130440888015848,1.0682318805587185,19.369565997236812,135.52889485193901,33.09472904340144
28.203345678820742,1.040516667045482,5.501353586532557,137.33631244322726,34.08788133151988
28.062015235483557,1.068782730514339,13.696892657494326,142.47946065427303,32.032833231747254
28.28151937188371,1.0907737321172075,7.497553205742726,148.94071436485382,32.47542801047617
27.883931620134465,1.0697627667730893,15.68330307765738,122.20690062647297,33.21504085775918
27.81330179450329,0.9897216971450467,7.638354251279932,121.60303807173051,30.91270837429992
27.733191962664357,1.1448533098443567,8.530748928475363,148.12651012222017,32.081077494269
28.224406646723377,1.1637437520639362,12.41556216568637,135.89626876554618,32.188322879976724
28.09815484845311,1.1325760995669754,18.72252424995317,138.4470904370081,30.56591217247491
27.991662299363433,1.0431157164787592,8.175715582219564,134.47270804784188,35.47645518301082
28.041995293947974,1.089925423302624,7.163600316771553,122.80972357822424,29.889059834761397
27.831176642905245,1.099673934238527,16.38465247781046,143.04268135256,30.052844144469262
28.366862796942524,1.1299397194780956,12.509292985008965,142.4167393526576,33.97133986355537
28.019383177296284,1.133417024435904,18.676776685726573,129.35109964478437,33.06989937619481
28.016409219190734,1.0632913100610752,7.199218357397634,129.187177356852,30.46105277377883
28.108864993584803,1.104099777820678,14.68891839534559,145.13524142716557,32.91093352265254
28.072151384760506,1.122864020230762,8.493187192277226,122.1707177322398,34.201775667495966
28.033582603641868,1.1727911161073383,7.35140642977459,146.43315445069697,31.954605413604522
27.881428831683202,1.1352253269912362,15.251441227359058,127.69985069687743,35.89823435011187
28.0707202535704,1.139452834368776,13.905269298630998,137.7895424326648,29.413907283697945
28.282303674471255,1.1041913313964682,16.322411875434966,148.07982537005333,33.04073518078865
28.201813006923246,1.1705229572601752,9.641938646692736,140.3436750460994,33.7497925043315
28.23897799399591,1.120488139797975,11.719574845732849,132.43289437401108,33.33701585240787
27.92331764853532,1.0569456044913215,11.082075144956278,140.68602626716245,31.693466410031526
27.85155927696121,1.1701684985062597,19.761341959497713,130.3193890894911,31.564337776983276
27.981131961985053,1.1348951636269515,9.383734351090819,128.31775249047558,32.666217756630886
28.008358736843306,1.077847798943576,9.422258575201504,149.9004983380404,33.2236317299781
28.164128727770642,1.076025351630038,10.318223132429111,142.52370693539362,32.90371015442354
27.746130305542778,1.1148287772570382,13.468911219354823,139.34159932145454,33.56008683619008
28.229432547919092,1.1231592397633794,8.784841163956179,130.65868929657955,30.471695064399896
27.976298815213152,1.1098646132815604,18.72934910568911,121.47482487465145,31.658343531314546
27.93596783950789,1.1155654336721443,8.985283472993952,120.93170628105467,30.58997610181437
27.848184343710976,1.1849978687288192,18.43723597340292,136.62543766346397,31.420830835870788
27.751771499220133,1.1535771576117444,6.55212595469877,142.86098163117154,33.522831337721456
28.12347558759429,1.1095317795632513,14.848440535994785,136.12137571331564,32.16197588108784
28.01099769507826,1.1470655290383742,18.604782776573657,145.22355215817345,35.91028874472465
27.806505865038844,1.048373804823623,7.531241575973443,121.00279599279665,32.29010955078458
27.805738184190457,1.1198963524973404,19.524904401488826,131.0025622927782,32.0895378208696
27.94963229510648,1.1904653174866555,11.793250406232676,127.11211173522534,32.15927437916032
28.250353228793408,1.0890977052303814,19.185726626615367,133.41818904471367,31.043286960710095
27.96106129729546,1.0576183035690458,15.152300654450706,122.17129179582368,31.913245081433608
27.774528557032284,1.0673955555703472,9.523803048103273,148.62394924713217,33.691682040667466
27.96313854038711,1.0455183481328807,7.824537873756596,126.69766203208083,32.17095600219166
27.95909146453785,1.060761904593615,9.55602569337649,147.66923326450754,30.809810405174794
27.595467003558763,1.0814745950704987,6.395261138940125,132.77679465110046,30.612373069282047
27.99185577002233,1.0297216490410679,7.158019495149946,149.56572399765653,31.324697162501234
27.9653598204687,1.1007809166974802,6.569906605197217,136.6217515038063,32.11079515161632
28.104430954722012,1.1451138586893324,11.344153156123365,147.92498592527423,33.79037980321439
28.277343414241802,1.054612190992654,16.933675643863797,120.16046966082669,29.989267037950345
28.168984754432163,1.1759641961820886,7.120753313245103,142.447164185427,31.520260583166866
27.959666696416775,1.12553960442638,6.954806497585038,147.09151959307547,32.216465029152616
27.83402111368875,1.151529029281203,14.651434242759962,124.19161700936863,29.249441348555848
28.38600397048748,1.0671082723073932,7.957744729520995,122.88377555196455,30.74960257555039
28.00888276510217,1.1427262613533309,6.464150571634875,132.73717821557867,30.980167190395722
28.002089393786942,1.0454033049802345,7.502728673083665,148.01036718398805,30.80604443922425
27.996381236933498,1.1445123750418256,18.855970938151643,136.27159680571316,32.28783431753247
28.029712714115178,1.1085919669896767,17.322068791642863,135.82369391165196,31.759160585747303
27.978345938211408,1.1276625609992392,10.310968435326412,124.23378354897966,31.167070846098447
27.913950698967966,1.0412202697187576,14.837311509910892,120.02368533279656,32.641943939828955
27.91797115881394,1.05524650788617,13.059135105020571,144.30420272236384,34.58461207646938
27.9950870094676,1.1298614109126692,15.156863952238458,122.62723688958715,34.45888477511263
27.918486284329934,1.05258259978879,15.24006728694139,139.01549456205973,29.115842341906497
27.893073132598424,1.1231603146049562,14.431010225899893,147.43849363545576,32.865608275752706
28.015964534153785,1.0316431096769878,8.99152052805963,126.25955739475293,31.732965064904242
27.961753417386873,1.1424087106333336,5.585096311442272,139.95818508710732,32.232733014298034
28.225598948287402,1.0383738342615747,11.833501729851632,122.36095730122528,31.40257544968618
27.60235452874105,1.1276149968839762,18.364608270360556,138.1126543151284,32.176382944830806
28.163726027788368,1.1312815466823,13.542458877778639,124.91795162859609,32.227111094108025
28.186912778874646,1.0651614090785213,17.485865625528618,142.07860681545534,31.131572363976616
27.688991465138777,1.1291013283542364,19.874365144418423,129.03693884381724,30.65544867826223
27.948596860887946,1.113022113166678,7.454243062074144,133.9017302641394,31.326956476070773
27.94428387010063,1.0730579071903632,15.376664587129735,137.98291626082866,32.35138889668515
27.788873245792328,1.0495722657961897,15.11440360550037,125.13820231998719,32.8984945125264
27.88332749686137,1.001868715416371,19.699331710374175,142.24913455852862,33.28002346601022
27.833413623180125,1.1174825023649848,19.784011009292005,129.07921021910443,31.25871496539963
28.262840566513542,1.0217598614318972,15.300179175861942,139.8711557973826,32.425766850954105
28.14035175897212,1.1047672099720656,8.654221879732914,124.7484915209812,33.44375388792995
28.190733264249126,1.0868275891958876,16.978337571958985,140.64352977619052,33.748392342716194
28.108250809606485,1.1339571387719098,6.605437013165572,123.84564218431385,31.91175071880272
27.830642234317416,1.084897725025507,16.71048956257443,132.76069488809952,31.66860241259058
27.921321960058034,1.0835276106826455,18.652941862170444,127.4161822121663,32.286686350754586
28.073406184184186,1.136593535214415,10.742500921526528,142.45125748284548,30.27543879065389
27.816680828666208,1.116752901454206,14.459529424746208,127.86105013520624,31.709585733446737
28.106949764525858,1.115807797859139,11.452140981452395,146.45151919186188,33.1168795977097
27.96395119027628,1.1234633794904263,11.566475824821927,146.75460634219837,32.962920694165554
27.94377687886756,1.0232213938396448,9.6555633366218,125.89323945668357,31.594598593454165
28.106643995230524,1.1378394339993492,16.431944306754872,138.41537835023172,32.32657730163075
28.066639496722907,1.1306234397006802,19.042648462497578,122.63152925159893,30.763024489563968
27.945855075127138,1.0491658435711753,19.11126288851692,131.74611298804888,33.055238222337536
28.173899470504637,1.08779597631629,7.6217192731240075,141.39965188503817,31.88326784579529
27.837840500860015,1.0980346356186186,18.12115474484849,139.7826974054975,31.586072822455794
28.09239034104164,1.0932751607799134,16.06147162140683,138.74102008219825,31.45741424585992
28.08896518869526,1.1166929983284268,8.792561010354339,128.4762259098733,31.905659199650213
27.9535680341029,1.1715683390915592,6.0092691938227185,131.34074848303206,31.32818353260206
28.048919953336316,1.1540883363836416,9.019959003265669,123.08838434100859,32.98721455400384
27.812332963542204,1.0343890403284297,18.683123551722886,141.57068461300804,31.40707467797573
28.138604052881035,1.1311034995153024,14.497680123436584,135.1166639037382,34.389446144041074
27.972264679533552,1.1664466659767705,15.815819913468077,141.26296897036963,34.197815755222074
27.921591546922144,1.1193404260344602,8.857285266636438,127.46830574390619,30.662684765218245
28.157351383875532,1.1545490212592984,15.790822333622303,129.733146859052,32.10455640414392
27.894348446418586,1.2006135222850383,5.421822594168856,130.02646011780345,31.02401506799571
27.788730805545466,1.1511854773053491,10.629820186595207,120.77227229241649,31.510028655217084
27.766505623971415,1.1124654297820866,14.401300228134968,130.23143618491872,35.0036412014672
28.090901492701846,1.1522544237042378,7.191448483119803,144.099137205541,31.5386428743263
27.807935597125557,1.1072443916548447,17.34505361670402,146.91895487249215,32.540339055616144
28.263219127297656,1.1011951521642478,8.52546948217878,135.54654946907783,32.81198194101242
27.687710588817442,1.0824292882143134,14.784216692276694,133.6650508565766,30.499055941275138
28.254468455243504,1.1781706679416055,11.077957138629944,120.92473856098111,30.717356788386194
28.031652620080393,1.0590785667029001,13.940653932164707,146.37613012756148,30.19096644288782
27.98549303321944,1.176618386233906,6.611758289433622,120.39030640277618,30.671043899153336
27.918262136978658,1.1249932061870187,5.2536919988241095,148.34250240630635,27.724954836024224
28.059870417152812,1.030034691259903,18.64346641070452,134.67648746064273,32.816873601190444
27.994354794636273,1.1183824646495713,9.044450131507741,130.2580348072418,35.081290761884105
28.165495282302476,0.9949986746174189,17.295155041706884,147.72655304527981,32.22173110855479
28.017134147299306,1.131275400841552,19.990254507083,120.7317297933029,29.87559671098909
28.022545264219282,1.1442615741494497,8.171468869983666,137.44274684607262,31.035835425650077
27.94545816816792,1.0703822022173974,8.977561117750334,136.46797573498014,31.311684732462506
27.99145815644184,1.1061773847977792,14.942896814519985,126.57961203634146,30.473622834179935
28.04617026533381,1.1977078716875145,19.48172951900932,132.86662294050632,33.29027395759273
27.743474741101505,1.0747126647869032,18.73721522286116,139.5679201783131,33.215390066563
27.797772186684142,1.04705462064717,12.543132800983773,141.81393590645783,30.26682230927351
28.11148961410341,1.17408317012313,16.92665423790087,120.02150576119739,33.08762156667126
28.025629815719192,1.1981293595265399,7.036187796498516,148.10560290273045,34.2902189953659
27.972402499547098,1.1001847835923924,19.661572763060185,124.93576117178438,34.85383730784434
28.00276508995981,1.1505731517704179,19.465298510539796,127.00741302667078,36.297818034628946
28.05213725580425,1.1670737957765442,7.455934368187565,127.90420337081545,30.647011025835205
27.919036047953597,1.0628757883730808,9.491346872046599,121.13460409656106,36.23633063959281
27.883254291189655,1.0757347082316067,6.502324962601504,123.69156370770975,31.468690417236818
28.029376788264653,1.1615437256577368,9.075763983472696,149.59049768832486,31.111301816929227
27.853244083357744,1.1842507139354255,17.239336841228102,129.45650212131858,32.490608562316766
28.06123791335717,1.1281440430087177,10.674734107478892,123.45903271017148,31.12690799886048
27.744612459364323,1.0560092823248974,6.325954507201375,123.2097378352387,32.59856621096979
28.154373345598845,1.199353055584972,10.133382871683569,141.58379903009916,30.019884218394047
28.070889622361957,1.0734514551094019,19.720750013619202,145.63705992097923,31.641871096904847
28.03840446014708,1.0832431109414276,14.445253928888043,127.70856898525409,33.92837335154252
28.147403647591826,1.1171168917244811,11.242414196092366,120.62728537005705,31.914408062853266
28.249821166669385,1.177708021035739,7.4980777024590495,126.69270055336068,32.21239368010983
28.15215550975272,1.1426987988276114,19.792651959255423,121.69547072390272,32.71288790707597
27.723868865300254,1.1207432750180957,17.312735138946934,123.10184809890124,33.75599244397649
27.808063454989643,1.1231644265059053,9.22215953676379,132.94524359542928,29.517162931715852
27.90627721334565,1.1021757334321733,6.051030435817841,126.89755112584898,32.87678607775615
28.003913657531626,1.1279069757259255,5.849383360663371,135.4783763557627,31.597791291137355
28.077648853070368,0.9735219961152849,6.805672242583007,127.6048125977157,32.249956842967755
27.89113842802698,1.08516962704651,13.711528754216324,148.21611903308843,33.58992525464357
28.028015014671563,1.1120660967458391,18.931451318082388,147.17831903778793,30.208720022882233
27.886692560147,1.0424492958190248,12.451151420089767,137.004183150314,30.481033337835367
27.908272329551206,1.1193161658905781,17.64418223684296,130.63271975962158,29.09685506042929
27.789000835472766,1.089776438950694,11.688299297897117,131.43440646104207,31.176261587354336
27.861515013083363,1.1877737849157746,15.628753186517379,132.3555684943349,33.995648516568224
27.79724730915755,1.1786509862607428,15.978091059297512,141.82737966404832,31.819119217289796
27.8536190120534,1.076709721544092,7.60945558855008,133.54916986556515,29.98981265651782
28.158046269491177,1.0924581144216654,10.418240884637177,145.70189839517693,31.27148188313743
27.85759016667521,1.0963026217195804,14.55953234807036,148.32284357791093,29.768207444764066
28.39485730972561,1.0774170261920188,6.060449122765492,130.07838460136801,30.312220847403257
28.073997685132134,1.1097512492014063,10.423102816444349,136.8208344412704,32.58322836539557
28.02772541855423,1.0620858965556206,13.021991994217887,122.85169610497694,30.239190010540955
27.871246332972817,1.0434692332531237,19.94336739566958,126.01407143299078,33.66895145780495
28.105046481911348,1.1311355611950136,12.118003439336611,132.4039730013048,31.893319563754496
27.913654326064332,1.1314764792110907,17.240851356714856,126.18608147705336,32.12839205591679
28.018301472196804,1.0597842120170005,11.481009275999266,146.29681472366153,31.58244054858816
28.38401268074032,1.1447677715381301,16.945860839295634,124.74858768177295,33.15927175781559
27.9855910150413,1.0684211135417334,13.931222024301626,133.66982464659276,33.17473983166552
28.172390998942852,1.1126582619018992,18.298931622535974,138.17097721379628,32.50258152786826
27.894523536231116,1.141017200630623,11.16413828525165,140.75591724482533,32.847183658861475
27.994751726425456,1.0983193717648145,14.064566297322184,131.4920810917952,31.68186549511936
28.265620095345326,1.122737045607057,14.450280209282411,146.07297206174186,32.81330451036357
27.905954941331835,1.0741785178056216,11.2607441270071,137.04957453233777,31.49318333678929
28.27186728369954,1.0901766708285952,7.164680655312223,133.18523341342654,32.003347433243604
28.106162790318322,1.089707028455983,6.403391103685033,122.0172190215611,31.588034375950553
27.915629983615858,1.0626710826729882,5.2500732589944965,133.94068405335494,31.314172191021207
28.09486116085833,1.091161291844211,18.10301396367822,144.6220752244719,30.966332303417314
28.14588316744401,1.0225690850568128,8.547123683580418,138.43623054663948,32.70153515578833
28.09327149433258,1.075442312642895,8.17260123922652,144.96487361187354,33.96590886922019
27.764466292016433,1.0857562253315165,16.040531006390985,134.82035011797916,33.756652957504336
27.890929423626268,1.087191012375231,9.800241696310877,123.55385115283445,30.115151996081845
27.962872204667274,1.0879251277064612,12.59067038617755,120.40919537507644,33.93380457711031
27.988834985634995,1.0969117900069936,7.437665979461844,129.09658640155774,31.522762247573105
28.093100814632603,1.1239720759043033,19.39618582192954,140.93971414493376,32.90109952271839
28.026655150139987,1.1437258537066262,17.77372100025856,143.70779711825082,30.640677001929184
27.799698346193484,1.0675117386575868,17.95684434447505,128.87258503860988,32.21296987081101
28.057029677650895,1.0398399572305428,11.101606228580078,134.86961762649742,32.47058477434536
28.091587861792572,1.047897779387845,16.43541820560759,132.63356713302244,29.77309281212052
28.083968567189658,1.0756398539402536,7.158142330846703,132.31568353054283,32.91240074951629
28.162117108833193,1.0824039341091747,5.129285038876704,126.94046139600451,34.018902511757474
28.125088323182336,1.0615001966901272,5.299593988670422,124.09113315088375,31.73802808147756
28.068877011884265,1.0351941667875053,13.799026061068407,125.90065674693639,34.04025219624202
27.989475143281204,1.0771939586262906,11.830923578719112,121.65997161490039,31.71545975982139
27.750855859972603,1.1090713310056985,12.770230233627796,125.94392225470732,33.274376796569925
28.06444273286989,1.1297514732917784,5.111947106258291,120.27602692876138,28.67214505107335
28.031153153074467,1.072128847344584,11.340299294861385,138.81775201907934,35.628166668970195
28.040736825579305,1.0793501088928283,15.771022418012912,129.49126222163048,34.24318736786444
27.808487713626953,1.0536650845576345,11.640405529511538,149.19434134280726,31.573061743619483
27.83784151893876,1.0984280414812613,15.983288094683333,125.81151152328894,29.041866460034274
28.157972927999936,1.0575785682904593,8.495284465952523,130.3748571092878,32.432042552458235
27.994066726921503,1.1286563906620601,17.19713006722588,130.735234759246,29.834111679389366
28.102225104605893,1.0107066754032945,13.826468606801784,120.25354488187382,32.66728030633623
28.00424775641957,1.082018516377377,8.161446491448594,145.17623859118376,32.61734857874642
28.004463420924363,1.1150553669595873,8.550807137807494,120.95983380432975,30.587895246496963
28.1407425708964,1.1091917258161252,14.420456968543055,148.20539504187724,33.68145053542157
27.922593290767395,1.2346516831990249,17.44909389818665,146.76223053280862,33.20836205420926
28.014418116541147,1.1174900012283955,11.234416730437328,136.0656574825789,33.46373500593285
27.930658706694242,1.0497972701578995,8.874506436913883,136.30786724733878,32.01328655550334
27.934825565885152,1.0952267876455464,18.00517410365901,139.61333768868468,29.87671389962944
27.953624181479704,1.0111876833266775,15.039024376262523,131.6115003580466,33.46680840831671
28.033320065745055,1.0959700125351621,11.721282309246147,139.41666850193567,31.594442901296315
27.928187706750478,1.058347197149962,12.318502929189528,121.34305166065461,29.915329785210997
28.18836341883603,1.1457695137780082,8.063847019045946,121.6214288204918,34.02805904896149
27.865808904667073,1.0725229862702232,14.402039450972659,133.71691258858633,35.149111280753765
27.971969253375796,1.0941617042102378,10.38113765814333,136.48866903318105,31.938127806531195
27.934040341258875,1.06822210792978,19.93467765011524,146.63452921007456,35.23868173190494
28.21704668265306,1.1869425675926666,12.202752728928317,123.13981901723689,32.13697209291703
28.029483216476738,1.0839378616941044,12.288284092844197,144.67943781581667,31.429316143750473
28.154776680920296,1.1916278521739603,13.487776811160078,126.30142011876208,31.054312318721784
27.777165944044455,1.1407075881059134,18.751340046781202,131.82250945530095,34.45562361198911
28.04005753988039,1.1241033363667694,17.012271497896254,129.49807304482238,30.82978417791834
28.133444619343514,1.1184366573658762,11.766951046967622,132.00465818596197,33.10290396496248
28.012342598391314,1.1196898649108127,15.78048898959194,124.51486494217757,31.161254247411186
28.159822056259802,1.0036163710327195,13.793532481711425,135.10710223210666,31.309539856138457
27.922406732484944,1.0860558302924623,12.385505730518734,144.04927769494103,33.54537454095435
28.211402116027838,1.1422578985592162,7.884736591765257,133.24602031136692,31.42994473056597
28.344834718542888,1.097555140826295,11.959043951823364,134.71840727694598,31.39280693086956
27.94557421593405,1.0297405076598214,8.68727880533862,145.46302755843942,33.69920704576221
27.933174621789885,1.0973797774711267,18.72263224777482,141.18174343914092,34.396095939832435
28.218007671567655,1.1852052758127747,10.031102202445204,134.71363225559355,32.96703470492635
28.236935821859607,1.162344585776736,19.283960218000583,127.7308694456754,31.017845336564076
27.92157099592701,1.0968997995316985,12.995829351420667,146.547802405349,31.23408725105363
27.936971977435622,1.1475724638529043,14.473165680142404,137.31061205071674,32.11987289561006
27.957732308670924,1.0816746489815976,13.144106667339916,126.6344283033208,32.481395092888484
27.79833242334486,1.0148064206586642,6.940709254500513,128.07359257914032,30.518201134790342
27.86220220802737,1.0537767005935224,10.637318285119115,144.09399266808737,33.084556909369795
27.84937888498719,1.17814443842541,6.487191684164359,121.32436686262366,32.1282699944594
27.884830365234382,1.086300345908535,14.344310662750726,149.7627656108646,29.426437522042807
27.994797266891982,1.0878308010312492,11.703112928006583,123.91055039144375,30.606610276308906
28.035132209880476,1.085008090186256,16.66977457356405,143.88205576190813,31.243806989522504
28.23257507392211,1.1952068294786504,8.307057214990547,131.84325950315048,31.89071346673842
27.85024689388918,1.1812979457681032,7.468490876440024,134.766485498624,34.833918193256
28.147648359771487,1.2109390116724068,11.094983464456517,146.41951732393733,32.357256959209444
27.967901673366175,1.0920477394799974,18.89878074827572,132.3873356876764,30.73884216515206
27.992580443552136,1.114781224437355,15.656327225186176,136.12481261019704,32.330946206460744
28.10122292382499,1.0241678725289605,11.28385437189378,121.4789898722751,31.471868378819178
27.831591696765656,1.1738467213059138,12.759082546314659,120.0704242160236,32.48713735930031
28.05736146192761,1.0416110224366033,6.263195167656475,127.34399619005178,32.87085153055342
28.024967831231958,1.1108387781881315,19.7686384456417,140.41749278756302,33.81384597083591
28.073867689601222,1.0451348736183579,14.996109570423783,123.6379468007741,31.96357025649496
28.043375296586174,1.0705566586630653,9.281061026951338,123.41285876413649,34.45844079139975
28.368295020986633,1.0581368784475151,13.787125913228666,132.3288182410771,33.36203399380429
27.904339002362303,1.0696062369662092,6.64223549103491,139.4351111582468,30.938840682781716
27.920350456749727,1.073043864842551,19.487550032113752,141.3621597674379,35.314783498622695
27.906528921036287,1.0725865602537463,7.621774818250489,125.35352022295125,32.49049176990515
27.916678432125963,1.1416666955890153,14.720454770828212,122.38764442116127,30.747313244041646
27.904391930904023,1.044756860346874,8.681816938083957,148.21191101836632,34.479369576845635
28.17835247966613,1.1110270713506933,15.763420739728037,127.81999147686305,35.116666377797664
28.21307563719848,1.160897957615278,16.652320508604216,145.60039492826172,31.95046210442066
27.91438805593758,1.0743401817743303,15.101295933671489,145.90474351388454,31.244524609436606
27.875146664034364,1.06410405546262,14.217491903827888,143.17567775287634,31.741437563819506
28.070712333457962,1.0884737687409876,18.387036409280174,125.06500819957711,33.07209759127655
27.917166543357855,1.1589862604180357,6.179400664846371,144.65404377762601,33.91678498254577
28.094939772663327,1.109705381547668,9.963721486702928,143.0775167772476,32.855730996295364
28.030438453127694,1.0734392852696202,8.724312194462689,137.90168970318652,32.15258481270765
27.772638382750415,1.124193832559402,19.820209430981322,130.11606105506857,34.247017655456645
28.23212578019951,1.044885392508179,10.840846695003101,127.87525812799632,31.53074529042272
28.269381650964327,1.1340679755221474,15.989190488605981,123.65667636241076,33.546379007550364
27.90808169642734,1.1204303653850884,15.270877458215068,135.29271200702615,31.56790580247308
27.941844766009602,1.084609576443056,8.181218562160666,137.5578262652954,32.64653443701634
28.042879808608735,1.0580707100776385,8.584965203173269,130.78016971547362,31.829656152814323
28.050168518498054,1.0556659538858273,9.219268453295513,134.26077203042607,31.916221726020783
28.098781640900924,1.1267408668172956,11.166909173890687,130.905433721078,31.433920223806684
28.301530680814952,1.1614490251244531,8.514875984757902,139.23018171962104,34.01728104677104
27.973457915875894,1.0681346126485602,5.294772241202717,147.0377762338969,30.900610942837197
27.880255413319233,1.1229193351775744,18.190895852107932,124.91760786140834,30.889651621176938
27.793102115797822,0.9956486490698966,19.48414747071326,131.44226429709371,35.18149034876767
27.89036049400871,1.0707691134671402,10.123555805473519,124.22605811852584,33.466771346981496
27.99503095406893,1.098447053356455,10.077603191382092,138.74831311223497,28.422329451960444
28.269183679527668,1.0545158291509085,5.1063771916155645,141.86611528465787,31.152111891184393
27.922358305144574,1.0531746812605203,15.20376032495561,147.9573819779237,29.28201599365692
28.033568192745836,1.0666110221765557,17.38159843622943,128.36615778782894,30.57396395987712
27.997536565589087,1.1146096364163187,7.1991245054000474,148.5063361759629,27.29222800064894
28.178258991017213,1.0906335490796815,7.394995240507261,121.89788015462024,31.794515633459085
28.379039863881044,0.9880884383337515,16.851248749571567,138.09041590093764,30.28708727125803
27.920369684061953,0.9939649923682468,14.24436122531217,121.7139815802999,32.08985788519466
27.926584083622267,1.0696567411071414,5.672908364415755,146.81322563285835,29.562318111676213
28.15662413156036,1.1228843293026778,14.338204856934226,135.8942717121016,32.12436777975806
28.102283723443946,0.9626247578637384,9.63376584265649,140.0804505228839,31.37762558281951
28.277006098860404,1.0750134911924185,10.530877332062689,144.94721777731357,34.25292944778289
28.087589227798894,1.073687607174129,16.5459712744532,124.50931867451906,34.11703529261844
27.94610618638194,1.1694168889104224,17.16402789008916,121.15774685814401,33.17801840451543
28.088598224603846,1.080748909414357,11.00534940259746,146.36643437738556,31.51007932900818
28.166305537087435,1.1191494492370464,19.20729404009532,129.44799682376797,34.97807059289044
28.123072327179603,1.1070628570043732,11.096940769281083,123.86936723781496,29.67044708324027
28.076091104666094,0.99347167600964,16.57754052845165,134.0538371126126,29.894662055654507
28.160001203438373,1.138410360831587,12.258158968463885,137.94918227088056,31.8743253501664
28.17539433856685,1.1107698252728144,18.462984897831262,120.9291181026753,35.381057163381676
28.20732384865563,1.1254134319837297,18.616418654752678,128.24686974771262,31.69649163969487
28.097306483138446,1.2963118853218165,6.311252118066258,120.98399622830688,31.725132135186076
27.974932287952473,0.9957943530250707,19.047399969653384,132.61006167586498,29.837134465832285
28.022007052964998,1.1862348324880556,17.383022622806237,146.85300087198732,33.418894377905566
28.180976344976255,1.0856276240299823,16.869660714690003,149.47957234480708,33.42976438149403
27.877459649351916,1.1143664452201505,8.013670095282837,139.11142660510882,33.183612802099866
28.055300996330935,1.097724387734938,17.076788131319972,124.84913081353776,31.056168990728956
27.940999178150896,1.0787881833300978,17.751991020275554,147.17548169997917,30.939939847440492
28.00431172344022,1.071508353588062,9.337255016812264,135.4874346960018,30.060316624392545
28.191767779391096,1.1164754367786505,19.283901175434856,124.61247936308754,32.1258087526414
28.028664860202987,1.024141315166416,5.747902195987463,147.65180008354983,30.37938900608225
28.00696548222342,1.1375289583760884,7.248638798707095,142.72407152169308,30.233875242126068
27.79602157885301,1.0791902797557373,13.063717070772714,141.95115818169455,31.364463924633988
28.11193803490408,1.0434965330479822,13.636887066834646,141.27542111383215,31.266265737223677
28.09682262717116,1.0774993571002094,14.677251249513551,126.01019463289327,31.193032206767068
28.32448820849582,1.1628574608431288,5.254536939731997,126.33020075122579,32.69966689526039
27.95383326475705,1.0732332456491889,19.405501619331954,140.64878995281765,32.11857170322542
28.03287254914959,1.1179226809104812,5.66882139101216,126.5916825033119,31.567765954233323
28.037407552556612,1.0634521862142263,7.145929290851036,133.16015090409147,32.27451939246723
28.236617991964522,1.137896092496181,5.210217762890855,143.46005476781824,30.51270943834305
27.985705670141957,1.1342753869395104,13.502876499411421,143.51857554293522,32.15791793586452
28.041853228865552,1.1924304416648206,18.98400325881458,133.59785317577578,32.225903739266954
28.09118447645748,1.0912218027250393,14.989207491206963,143.76569814825734,29.74542971096378
28.027991368473455,1.1334327402378954,17.339862027206408,145.1586538859417,33.49354063155554
27.93303495781742,1.1049033769769474,5.1992180518787015,139.6432725385278,30.677849442159506
28.029113498934745,1.164793589093151,13.130229477195892,126.8527755692526,32.13546469880965
28.161044762478966,1.0640583806195636,11.893444662582828,128.22035341156644,33.74661761080291
27.84602270508834,1.1372502656438641,12.484519163311896,129.44523466226207,33.3885151365708
28.01994545112203,1.090265135194166,6.083197780027819,123.50412323201856,32.05150008285325
27.894981877759125,1.0967905911445752,15.266530416039611,128.19478861109835,31.4562514956769
28.179256994338726,1.1045876242224186,12.548306222879518,126.28557672937596,33.42126786286335
27.771521964282435,1.112612019821334,16.47723274791896,133.65986249425805,33.01204246671293
27.916161722909262,1.0941885478439022,12.27935951092573,147.25312643616795,31.072452469933804
28.056581781259677,1.1107356591585265,7.240724543396482,123.13440950261874,30.807659529497464
28.23482860438515,1.1789059028781093,14.72385431116733,141.60803771842188,28.891467227456005
27.99013746083905,1.1492724842807611,7.585795431577493,140.61849013239384,32.23104776252538
27.91672007099602,1.143457729624845,18.085918450322225,122.87262595990073,31.875953382472403
28.282173560416087,1.0772230236988065,14.196743586038622,147.677172147174,33.70428706196381
27.782797914937564,1.0555379585885838,7.358058253354313,137.0541660647046,32.53858264022055
27.67017910650699,1.1477650279118878,19.435070862218105,130.91176563407052,34.00134379125903
28.066002167508,1.1438023396264898,12.77548195002981,142.6961575048592,30.953953658125744
27.924691866347107,1.1736335337875492,6.093476778074825,127.72096375204902,33.70722549645143
27.846815077430392,1.0698009687015386,14.402493566226008,140.80529511138963,31.206625431343017
28.106253467094902,1.0885225672319827,8.797983605192154,121.19133622716741,33.16639409268841
28.03657010706568,1.0180257918737283,17.055401778159535,145.18224112827815,29.81186241120396
27.91538820538949,1.0803764446969564,17.267331103492857,133.44512541063955,32.35270294904928
27.807954340199366,1.1498285255289724,19.684210337819927,139.10078743073825,29.022968087831135
28.13086859924202,1.07667523103859,12.528042965367556,126.6371345942005,31.599293771087368
28.097530176693798,1.1320239897600413,11.824353195916057,140.31221137975345,32.66053099081687
27.985123620433093,1.0904748447001096,16.30213408169721,143.1672082767983,31.218547173153357
28.27699554940715,1.1162028514110782,6.987059845128899,134.19639560653195,30.42434355686605
27.839487285051078,1.0426154305092168,13.203732706896863,138.53180772185382,33.2691777039439
27.77117122436129,1.1042604724816951,13.193714001962764,133.68977771467195,31.844805815229616
27.896213789517812,0.950443201454964,6.342096842155808,146.82274107773537,31.26564402945399
27.993162097546676,1.0906551920919008,11.269761282603703,134.93607541542957,32.06284388173142
28.036500917398403,1.018476337814243,17.79927197850803,145.25426127086456,35.95500371291838
27.96381459132155,1.1602997258273409,17.842304329919905,144.04056174810745,33.73025427467232
28.052808309477143,1.1388703676382257,6.488564973795215,132.31514464045068,33.74386050228176
27.812269086371433,1.123333549098304,6.360813241217462,126.90253475572425,32.65331947848855
28.21656469061099,1.176050311357969,8.940432155029029,132.18246397679314,32.24972790886572
27.987677323241115,1.0525541739587583,18.121490938309904,144.7865212732566,28.405876567504375
28.16759437473822,1.187368159895778,6.933538776102484,126.82897607458177,30.9815294803053
28.051408801956654,1.1466095782130192,15.799952039411695,135.73309037573247,31.279138380196287
28.068512982873067,1.0881722356390529,6.5174842941965485,144.18290243882242,29.1876619039287
28.08546509203483,1.1567810073591474,14.34706780621738,130.60432425385136,30.26387631467685
28.067156284002596,1.0446853243794183,10.341009486787172,139.26628911008092,29.028745293616048
28.096408413980132,1.0587742919236165,16.833709444488004,127.36894722146444,31.942514246453943
28.199372879519863,1.0695705138380152,8.505356732380454,123.2783833610448,33.22814895627322
28.02947817545522,1.0735511145967993,14.588027440849398,143.8315267527857,33.660161777936494
28.106350563638276,1.0471721178619875,8.535238018638275,122.96905870226121,32.62217669311886
27.986539645856915,1.1611541533547662,15.704904246682307,128.14144185238754,30.554905488202145
28.21601758231742,1.0870572799815086,18.10517051841123,145.6532826599232,29.10190226222006
27.89854115469111,1.1176252484178442,6.902026986901401,130.39407861236,29.36469695089775
28.270141064936624,1.0714824316793161,17.998935328932554,149.19136048542484,30.096526134118253
27.993976307403347,1.0089698349725742,13.90362881621447,149.39203004321578,30.66671045294649
27.78538373468229,1.113502867919571,6.90665736300536,128.0482806136067,31.76037725301262
28.01921566223662,1.0043872512290113,11.41312783039568,121.22934666749671,30.478753672809546
27.89784225137877,1.0965682976957267,7.412904402276468,141.15189852616138,32.508463840502394
28.12609653234831,1.0315842480583595,15.505218332998542,133.5295950794503,31.65158974580079
27.902106403104643,1.1993637999615405,16.383022016269244,123.02258531878729,32.01581856761154
27.93307248501778,1.1455681361087362,6.586947804091984,141.2256845693413,33.71037582900681
27.71656889035817,1.1052876895635741,12.592097790419665,120.93524727335763,30.229652398699443
27.93215405211264,1.1631853338827336,17.219375840388757,146.10590071476727,32.62805686743855
27.636418101005656,1.0576842011267134,19.042445623264946,124.1595758733991,31.97904015728589
27.76241457647714,1.1271739689335047,12.70276800112655,123.81935636240175,31.49977057854546
28.114062198421646,1.1099905216859358,19.254188354171106,125.27016893905754,33.32788448129894
28.117870023797625,1.1132010040666835,13.035334556840446,148.807990754762,33.31852123183551
28.063818634267744,1.1636176750053384,10.91285741899862,140.7950808076154,30.580263806017356
27.85495357853062,1.13662460513899,17.72304692829343,144.0411460639091,31.726759124213114
27.9928432965787,1.1144361831412513,12.394740656871335,131.9290495719826,32.4218175238761
27.999459619136413,1.0172556281885852,12.078537658467845,130.08938182514868,31.590489877966125
27.826245296621117,1.0519976852360269,12.354687341147425,127.0345202034951,32.8775319984317
28.22550974526507,1.0938645533202138,17.70177502804618,134.41944084937228,32.421788026865414
28.13160434358635,1.1046686187138326,17.479123125320783,136.55486200602505,34.74884186053402
27.96685537392555,1.0434898137663038,11.052799886603168,138.95324530958266,29.704581296105317
28.00403287584918,1.2205838337789212,9.999497898057875,127.71355511996083,31.816346015378905
28.031257421192134,1.1758197027626787,12.378920360586939,148.45962242708973,30.637246232731712
27.693739769736357,1.1301059160196243,13.591587646056634,125.09275494621407,32.90616118315857
27.96292339262191,1.1036018430641874,8.575058159419955,148.96959524299237,29.574242164931682
27.89770236280033,1.0893895515049425,16.909326270733857,120.44568367522511,32.51946906533733
27.849756998515762,1.0524040769988883,12.297241485986344,134.43377075450536,31.054927352977487
27.957834956067106,1.1038740259259432,10.010683226299394,130.0010351434969,30.89875720081848
28.269652979027427,1.1128876270071377,6.602314894459859,133.47370241790753,29.83025269468897
28.09612642919005,1.0379119712259188,8.582677406054104,137.11993736942367,31.30238608069849
27.91432315153258,1.1167088208622449,19.239217576339755,133.06767474038128,33.62675079543639
28.085887417203423,1.0922370475587626,9.576495302292898,132.44540550904784,31.962216974705782
28.2099033154879,1.0046096221061305,7.5328893405055295,141.9817024623992,32.94152062681171
28.138695052436915,1.056980749461025,11.910091874824898,140.57628825259394,34.49696273294941
28.008944555488025,1.0793197233289178,9.60631615040373,144.99813846107543,32.395633377233864
27.902959483344166,1.1943843828670095,5.527388754067912,127.49876943718486,31.16180064190649
28.104733497042037,1.127827656226688,9.84717825919126,138.2858552926219,32.70087832277419
28.059022807813264,1.0332259215450055,13.161629359092029,137.55584356178562,31.18355578052856
28.134278983004158,1.1243018144708818,13.275685580299504,131.09213432618066,31.243365975054246
28.095275770252297,1.0226348005530819,10.34838381765333,134.58172625708042,29.720160800571524
28.1574329072979,1.1541345526943538,11.70954134378901,129.41346429917186,33.389386236626585
27.919714718265915,1.076443767409106,19.482768773521496,124.25533192850955,31.42099613652584
28.19760910984515,1.0953181905630416,10.660227158454674,126.41403631988199,32.27314736872379
28.02963994070386,1.1662898323771096,8.873402198899745,123.16540939203603,30.44605710709004
28.31128913089379,1.0356418215707877,8.652005661001402,140.49208725570372,32.65392144457321
27.896621827286566,1.0301440907443504,11.866469190562013,139.82182179327455,30.857088142797373
28.260394570474787,1.0708200336826998,16.39280223075416,148.51819114739618,31.787436917447263
28.029686617519395,1.151918942550966,8.089822762827097,141.89035240941723,33.316739046858686
27.902287299457832,1.024032696226158,15.639441907111522,121.56137516268394,33.18613896834879
27.927417124891853,0.9583922200944717,5.317247350241244,146.52735521786863,31.96695489122459
27.95194790377085,1.0774420570795502,11.28399466975919,145.88025488837178,29.34780345093992
28.063624891960288,1.127587039995546,16.6379759780418,133.29960962318097,36.48921585509096
28.078425323205327,1.1600130874869417,10.08099433661647,137.57589151583764,34.61878845540971
27.913944999409214,1.07684193189573,13.456056521680992,149.28234997417556,33.084012237332445
27.99634681116085,1.0794286696442,8.074688492388661,135.969130915445,30.870194327613543
28.321340553791778,1.1576950367127874,16.129930866892586,147.15965485128268,31.829611757447054
28.259131475515108,1.006512915015229,5.784186549031395,122.49116273430559,31.184869355335223
28.065448550451105,1.0805739612408496,17.788139673132505,125.73155606126049,33.89578390864458
28.00570052172523,1.109521194496253,7.972945796325022,133.22264830323954,32.39375433627775
28.01800469900774,1.122460936064252,18.115970475624962,137.54270425011913,30.82375421246025
28.09202769590956,1.074509665340456,10.28793861950776,144.486835555884,31.293867351312826
27.84658111522024,1.101722050585292,15.840253617117298,149.64786345429562,33.68178221385486
27.961393519386498,0.9755836323293506,9.788379466792827,131.6655448942235,34.40014677023072
27.74971238891836,1.0670875793833077,18.588675068519713,121.42246908420255,34.29249734522937
28.05988346839079,1.1226754356277235,6.899556882775615,144.03514509885974,33.135548097580966
28.09707939095541,1.050885298287266,7.67779683908898,138.13142157248424,31.621062696796045
27.927522030655094,1.1029492110794799,12.395451877382033,125.95628576604605,27.137729262006317
28.236098014493503,1.122343625040135,6.229076585572192,134.8448536986426,32.44574003571233
27.81613515054965,1.0828725399571117,7.939702770526429,142.26930736601173,31.99725686173385
27.780343767968528,1.1085231885498286,19.156495733180215,143.1123536120593,32.20997314448203
28.033667772783996,1.0518633717357695,19.647344917218305,134.98855235996285,32.08084602054981
28.157064745391825,1.0896694360151977,10.64388993995633,129.15643590386577,30.010606757076264
28.25258915371868,1.1305108084794613,18.849290315209032,149.2122774611548,32.83611283527678
27.93116736056966,1.1078486480484218,13.172370135101476,139.90087832869477,32.948324471047776
28.161802125014695,1.0706734365218034,9.046136988106506,132.24712558038897,33.02350817308949
27.994223729574895,1.1112108202145397,15.53598081620898,128.41389672613957,33.41986550536008
27.974105905008877,1.135730489531831,14.883527098622858,141.93308949010685,32.90607746738243
28.132548990623,0.9975029360711262,19.836879786631002,127.26550336781303,31.384955882691635
28.097848431762014,1.157953703247795,8.97570931113925,125.15129966921064,31.893744728125863
27.763541176452364,1.0831872630659465,15.080892539926031,135.8950166688621,32.13668730088006
28.221481052458884,1.1212744966620116,5.780356325441703,128.69962177932425,32.16154917365993
28.20701370312212,1.1598623461822615,6.704690580450791,138.86715434770844,33.49732648395759
27.906165594773572,1.0314163151384768,5.058775624266399,123.53816024622701,32.96550312953374
28.059370530015613,1.0645279498786229,19.991910215895096,139.64823313701964,35.11601515935493
28.07410452794241,1.085572565206215,17.034105457212167,128.49889583993107,35.30970346982701
28.039101064873584,1.0608123239437788,16.80084522100311,120.00728803303538,32.11947437392089
27.917454226923187,1.1867468287918406,12.645891129322695,123.8080817302253,26.245016677310947
27.899256494809293,1.0571613953086605,9.5010062435816,148.00846133505283,33.8552486991909
27.996166889351283,1.0722226610256567,7.268964266940139,146.02063917346072,31.18943549151942
28.175909352888905,1.110219451580149,9.270121082696955,127.0082709610871,30.79777411725349
28.081540023189167,1.0398925236961956,10.639568328937088,143.35115713636475,31.40233208751595
27.944407850187083,1.080215964412187,16.34465145470441,138.25714779521923,31.33003542977809
28.115754806597252,1.1158726630625089,13.094926833547285,149.12714134349608,32.91840471515809
27.57271860690549,1.0833569797808744,6.162254398332241,131.20816978602178,29.660846331310662
28.172314855055816,1.0953306570550028,5.270435134383684,140.44381837551515,30.383418881312597
27.739042933183285,1.0735333943775816,6.534982693010948,121.90607167271756,32.514737831296124
27.94563385878953,1.0242764845409618,11.15748070546069,131.8874204044922,32.93441604561996
27.83204951580608,1.116079660566962,18.997893755735276,148.91452983564542,32.96231246740402
27.805797778641864,1.1877466535823622,14.561037218138324,136.16942623350363,30.81944558160005
28.174124018106777,1.100920081539172,17.027388498132726,128.63638510004535,30.532601526100642
27.929844819803215,1.1112632058623775,11.995618917568228,123.60812889385821,31.240047749318123
28.051975582259608,1.1346361377558432,10.424991247925643,141.1058502054459,32.35980912842709
27.992961913168124,1.0365334751726651,6.626005590749341,139.34568130289182,34.228216053908824
28.071556124083468,1.1851257329064804,18.138995332793073,131.21816140811325,28.928844221343873
28.011523283659038,1.1101164398211403,16.74740043541854,148.52824055597503,31.66890686456245
27.807551166371713,1.1815928449544555,7.521771463965877,120.66608438963551,30.000982338462194
28.14944002291707,1.0633483502238006,12.683908458143907,129.11171554895478,29.521635983969766
27.9259365125258,1.1909030961278912,12.310622118818674,147.63208458898745,33.45043496801723
27.76651271520104,1.1387577747017392,14.376373290297929,129.6280631495832,32.81693686174901
27.935782725855113,1.127652004292618,19.19280340986892,127.56758501565511,32.674150273920894
28.225113968595146,1.1117012227176575,13.696571626437194,136.02661229793742,33.38153875959649
28.127533261317023,1.0875735690962776,13.103259001679278,144.71405249761614,31.280421654850795
27.94770217983882,1.1600265829236938,5.754843994019959,123.09440282635083,31.351043725499707
27.947611344352236,1.1070179934924025,5.943612140270359,148.2906212893721,35.27859592508386
27.95175474231739,1.0016465148206424,7.810201869901833,143.85218643543493,31.63014341861064
28.311512197534125,1.04414067691465,5.487061575376224,125.43750766654657,33.10269816958114
28.057290317834735,1.0907077123903628,16.150293433550186,141.36023883594487,32.00957231144497
28.06450624707866,1.1154999491582778,15.849954559909447,131.54876167912673,29.227612204882377
28.154542518104776,1.0971705755550052,7.040843516474644,132.06884034228955,28.933056494298096
28.035818373853978,1.1609485394896832,17.541183511929212,143.498702773166,31.131523670090143
27.961143678126895,1.0024449067980687,7.32179052269168,148.88354423942195,33.584151877504986
27.970547522637254,1.1071793968252581,9.517633804960383,123.79967618541582,33.18243748495401
27.98925981108789,1.0091010387306423,8.734653487420475,132.6189071063646,33.37111574633605
27.994416664523524,1.1379856147742085,10.584606478595717,134.4282482425291,30.519430731595527
28.10914443154555,1.0952770642779,8.819956488349428,131.28935450864992,34.42380873518347
28.007791882871096,1.120980498601206,12.33426389657678,130.89567371148675,30.552660049720423
28.109896011582336,1.0568058519705117,11.111118220320282,121.5680600268479,32.319236598004956
27.987892512983713,1.1639732465828876,19.798542361689897,140.5661586168787,31.984471565138396
28.011795278547414,1.1520862332029427,5.838895251923385,133.08643251360135,31.739189269528122
27.700269897320183,1.1291772151505945,7.1327206458102745,125.84381407931781,34.00788820744341
28.137449151205374,1.093524137656828,5.792388408629037,144.48100506906206,30.94233421975106
28.0519732713847,1.1289928642647566,14.387617924735636,144.07682244454884,29.975592116432107
28.14970151647895,1.0646553716006326,5.817639161205793,134.59174884266682,32.02999322930963
27.565561693270947,1.1427777829510357,17.54659606064185,128.95351983443283,31.40025989857021
28.31325620571711,1.182474044716196,12.679079460228916,139.14278177389357,37.066074378623966
27.979061555776724,1.1535305279989594,12.905114368723005,128.6445640733221,33.01476121465996
28.166227422510627,1.0635198765096296,13.423917615682914,127.08023790971136,31.385989137172064
27.84401411093117,1.1180708658636553,7.562205594593161,141.9154396207898,30.41583264621937
28.091916085759387,1.0353429228120676,7.965354546717313,121.20975719162853,29.17956738414682
27.841987665523952,1.128619515558784,9.78225984309507,122.84305413103782,30.46217137139385
27.90643465589563,1.122530170643127,13.902446237327771,120.2036452207077,32.172412657638695
28.28710470308002,1.0065091830233919,8.151766639103219,124.58829559426279,34.14099297739215
27.9713976398855,1.041910807804382,6.744975906998919,122.06970026131378,33.682533713581876
28.03261493097696,1.0858430551628118,19.55175329627648,149.87407103339757,32.34364224746957
28.130510159603315,1.0849570126429589,5.329727222144344,128.66429909862268,31.515248501446273
28.07435228319589,1.0395261532290598,17.040461080040323,124.47804038007742,32.40321853461823
28.022562835771538,1.1194489364676092,16.82052724362533,127.22988773987754,31.222043003773138
28.054744150369935,1.1125736804470256,9.45821170767644,148.08376714620402,34.57754599364581
28.360512337785742,1.0902865434010742,7.0343992401097015,135.60480669073186,31.71621472808738
27.99135718044496,1.0622104249920818,7.184429700581351,130.94454288923572,31.87049321262991
28.030164857007247,1.1524353563208283,15.461474258557887,146.2017437372766,28.676266362468997
28.157598159401143,1.182770355654415,14.642098866292605,131.84970811647096,31.706847730215856
28.165828889943697,1.0758219258076733,16.7411851137708,130.05025709873087,33.25472620694741
28.17805454583406,1.069391654142259,19.06221758598657,126.21847567649206,30.398416134442183
28.09580953330438,1.1245603832706,15.37891044899888,131.33390471728234,30.87391949826078
27.828549263090427,1.0820985310126507,7.337773048271652,129.50053068050778,33.1890665266005
28.245014729845163,1.0930301399668383,8.65163925148116,140.31911877894424,29.78501416472292
27.8280481910472,1.1369826575862336,17.632905963096718,128.6874811401218,33.586701511312874
28.045395319785854,1.0045321956246354,8.13959113751313,137.31599239267683,31.201784164740346
27.886858622497098,1.1659151162426336,6.087834754317221,121.97676495095918,31.417147669263194
27.990379248011052,1.1036340262164672,15.549200810633756,125.73867470089543,30.314182392311608
28.049314361545523,1.0794253427718912,11.03789533235213,132.22215814834047,32.56706939064183
28.04820358231754,1.0955382922889276,18.800600788188554,148.10847761726086,35.68980797754407
28.063288113135293,1.098121467751026,14.753826066404923,131.31755957147087,33.17224585919095
28.242056690358798,1.0134399348277539,6.356284666874911,139.922223635995,30.703572107089197
28.068030145227098,1.1747469113726619,19.217848508804913,127.65261667264194,33.703430878237214
27.963376504706403,1.102066281613531,8.878358954603689,123.81100727919696,31.524980681098626
28.144613075243253,1.122150106522369,10.058187356094287,121.7560980024015,34.06172747214134
28.178420573338695,1.1475774885287022,11.033906205253132,129.16240495628253,33.21001460324654
27.81585882772945,1.0489418771219852,5.768364446064699,124.72983080390723,27.5852876517924
28.08961001047748,1.1236735949517616,12.447731333459073,125.22031344048372,30.493880550567457
28.105175911346635,1.0866179454550604,6.849777366129384,142.8227792516085,33.41657783425308
27.955365474496002,1.1423385387608247,11.014554900325276,120.47514212834622,32.227485908217524
28.206356021996744,0.9936386289824253,10.260646819881265,136.73430377206304,30.464366078438225
27.97749166194512,1.0950452849879366,16.59260125139755,131.38384141780395,31.04961572675928
28.01883646802073,1.069858967210802,17.047557674490967,135.1964999972564,29.14064506986593
27.97403922635742,1.121613147531708,7.301193235836321,136.8849071164381,31.867440068710405
28.00233685713722,1.1235022093684102,10.498267810688393,129.40103083371835,35.316034589023644
27.83555873696572,1.0646187052588987,10.600297415477476,128.85326580552857,33.20740008609849
27.783992367610857,1.0643913067911979,7.271156659041276,142.00205548004718,35.28562550178263
28.239175759483746,1.0944667315721337,16.976802575767856,146.13830964363473,33.32359563468497
27.87295579775225,1.0551678886342397,15.608424925031349,125.77744897375584,33.541219015029036
27.851291147581556,1.1420991847726065,7.855726794455521,122.92856281605447,34.96111803161754
27.676991482959444,1.0815396399776278,10.500828628906985,146.93387419176076,32.565894889013336
27.904155737846576,0.954650589033918,6.587075372847713,130.49686390942196,31.71915901773968
27.801536530988876,1.0812588971689099,14.423098956395659,136.53952171988442,33.54898627493302
28.246302274020454,1.0480728089578015,6.820578868229295,130.7862943356001,34.18076035568283
28.151472563401395,1.0184362092269528,19.789012529373768,123.77407009038154,31.280053035931687
27.896777448223343,1.0381286680888715,16.710231120317935,137.67994934843185,30.917646376489955
28.337865370801648,1.1054704235916486,10.853578243759927,135.7542255530889,32.20828404864632
28.14726482304874,1.1664320414124116,13.678458984190316,126.08980677573592,33.247248300397494
27.951275292473706,1.115659223693249,18.67012724324613,133.55607133956835,33.19713657299234
27.625089142768964,1.0696748305892132,13.311489205937391,143.90842512046936,29.8637485997186
28.34364138588861,1.1227952097585352,7.617477295969328,137.71278309323674,34.86740910059498
27.79156412998546,1.0770454844890505,10.68055033371739,122.90751981200985,31.038252605904724
27.753190187956466,1.065269981541843,17.647172975446182,136.44064491687405,31.602402504667133
28.153385564801447,1.0422818665883509,14.663195239844269,141.0821489786876,30.64601846001827
28.36596286095089,1.0124085596624142,14.760865765007004,143.78110217342254,36.04749325390563
28.207640922776577,1.0805038146720278,18.002322285327338,138.873527359028,32.36310600543195
28.084586368007855,1.1079026744960068,18.409595861937568,124.5797449362235,30.723537378977653
28.089213151249794,1.0951688164992557,18.796888576691543,141.30519799770482,33.29588532494367
28.128012333817047,1.079201653602632,6.422737898797342,140.32025538244548,33.15370366896505
28.113839288468014,1.052712696965161,13.161890029446514,120.732806488219,31.718409464630174
28.042178713595405,1.1304123095842484,16.10764281827478,132.3524300277073,33.260910069175075
28.015630165592782,1.034143404002671,16.353902676905207,129.9885074088712,30.762062058753703
27.99061103081507,1.1388013956921739,14.100743029550058,140.0823619276093,31.260622587576123
27.88690531167,1.049889149053664,7.501810027755113,126.48407436932762,28.984675018150906
27.957898738469982,1.0623782381323483,16.961308309124966,137.72615768922776,30.014073373670655
27.74605647787069,1.0266607404692163,15.801670002724185,147.39617885442516,34.71144620850603
27.985249055980788,1.0749298926557183,6.292036573235544,143.93407116625824,34.46214294158347
27.851711333927362,1.148765622923899,11.957147370115644,147.6437320864959,32.09868297297344
27.834461602417633,1.1257814044221979,7.609660992827054,149.3551790079807,34.49439717078476
28.02698412267302,1.148921105601402,10.062155685694577,120.32010381018489,31.759888270087544
28.20880034295169,1.126107127296697,5.271216383085282,138.68223829132432,31.63488454614814
28.137747490900345,1.0448165085734815,11.004948026161372,132.38518193276718,32.084765972698335
27.764424909456523,1.0834605387836223,13.248153817343157,145.79563471005366,31.81261760701465
27.85155577951445,1.0609900435441268,14.293738892406303,127.55444106027394,31.67720551465973
28.141115678198233,1.1665287452019522,14.95235517693065,149.43088467345228,33.715097160724326
27.852626890969255,1.0401605676786845,17.544369696536897,138.41123908631243,32.225203480934304
27.966305027500447,1.1446848844694557,8.23194360913595,143.80612206686493,33.068722646650706
28.08250781485368,1.1446476935054386,6.80722733657702,122.56798658468306,33.547070787916
27.854748331770455,1.1914810100858044,17.773057578468887,125.50373654276595,32.5822786934821
28.015806325921893,1.0795156703685251,7.349192223389748,142.7521101910261,30.544593011137643
27.79989617576227,1.1356161079790081,19.62140122004293,120.65959566117971,29.97070116655394
27.90979485340732,1.2140825918269422,17.638073440979554,144.50633957681347,32.22317095221096
28.04796729012138,1.0691179161533153,12.513149088343987,120.41847056075734,31.7431155427626
27.76105093997025,1.0232479876233822,19.721321373830378,139.7135651718382,32.131087143380185
28.06607121069406,1.0059994983046119,6.460650936620063,130.95281760695417,31.97591894112712
27.997054330161,1.1356356014430666,9.545986417626525,138.34484558157598,35.875360490249854
28.082873493162573,1.0058424895970708,14.573366225609172,140.8809422096734,30.004660616537993
28.0335871201097,1.081384047353104,10.250103027097682,130.27425657558913,29.015080595268312
28.204621064496077,1.121865659351948,18.925588279711878,123.23887344332506,32.49856525027941
28.018783675397184,1.1092587768414959,5.984391322667263,122.08937603244797,31.435366168117707
27.93558916883121,1.1212722432092086,13.241177480914468,137.66808067687643,32.47410180459492
28.018344625454844,1.1111144927900427,13.862994010926718,135.61966061202335,32.875824533426
28.081494704355457,1.1639432906656697,14.790921856658361,142.266030273634,33.926157042768345
28.007329010548855,1.0523841809630603,8.834993349977216,135.2920653001181,29.73916126942409
28.006088753680583,1.0661502430770735,10.468496412797966,132.67337370092636,31.164923153214257
27.894701246828987,1.0613670277364589,17.655207944974663,131.94261534708693,32.643141888321146
27.900564862367357,1.1415095905931305,7.924141534552398,120.79340707793003,33.15569539353084
27.789609209230047,1.1450199294197532,17.40301770760043,130.06671605089971,35.29017432543258
28.26243651147804,1.1225612659659254,13.439831343541137,149.28060472573483,33.4335559566708
27.81342051469131,1.1591746833444965,16.432812667911232,146.20666728681266,31.914817106170585
27.896064220330615,1.041097956631181,15.704110493952074,129.88134201102653,30.664346370586006
27.89223891016462,1.1833612055775569,8.112672430773184,137.63386215199117,31.15356522092147
28.134238656541665,1.176161931085613,13.532191046508093,145.41890236606483,31.11094576556434
27.955757548256194,1.1367810998622874,18.015847292076387,133.23823010250206,32.98285044277064
28.18716131090106,1.189089945438553,11.48174355202894,120.53873591250454,32.385496168378744
27.89897640636342,1.0171688396161114,19.49886155334975,122.23531385455921,30.014525643736732
28.04184912433357,1.0737775931868674,11.783226501525771,135.3117816404612,31.34614779636435
27.874697942011036,1.0632348269659024,7.14178455001827,149.08318127027636,33.31632133017713
28.32177236916601,1.1360739661878672,10.8415202011651,140.79628626656603,32.52749353246109
27.82186023714557,1.0474929630198928,19.275536095858058,122.12748574315708,32.85296692401916
28.046473106534055,1.1378747574668744,9.795812740097814,125.68082627375588,32.5743825650859
28.095066532139814,1.1685268071998358,18.02147239800594,143.1396942965055,34.43964610191329
28.062069864617726,1.1347601450042,18.218760225228348,145.24319279868735,32.35406459573655
27.972206851168345,1.1141875511830752,10.252797864979417,138.53083758565774,31.420965803193955
27.980526895039986,1.0506063329549626,6.248864870759482,139.3326950888945,30.62636743829966
28.006571720796867,1.0576574516937318,15.868368637382273,120.85012351150154,32.37441418731457
27.977949699755726,1.1624809452648335,9.67268448520979,144.85590778744526,28.338943977837374
28.144581867519236,1.1389674501952667,16.743854213863585,143.64825624512488,31.723566497250932
28.331578450238702,1.098049024031123,11.639822723906496,127.77105432310042,31.691240210117986
27.916376232248826,1.0791045227117055,12.279001135139325,141.2603015989652,29.953293719574077
27.79452955306314,0.9987096063444312,16.668641101228054,126.44563819274994,30.607601242016006
27.98675769274731,1.046457379065778,10.735449965924419,121.20990483154539,33.214486295222365
28.38695640064815,1.1955709543569863,11.646910179843719,126.03409627771131,32.34606762361244
27.87944881480454,1.0359772214498768,10.642857031544331,125.35886630262898,32.15268250056099
28.24586752081661,1.109473991061054,10.510107729159198,130.1324399020454,32.45952130089803
28.251655122111465,1.15037219865976,12.889198653521891,132.55348491526374,32.13894138192339
27.9169617637438,1.0372538665998854,17.131991667517262,135.25616674493125,33.864293844287474
28.08534746187779,1.1092355237390543,10.426524678838488,134.30261626524984,32.18514377255547
28.24425949346928,1.1468957768755328,12.86382080806605,128.1202381789587,29.812680329271874
27.94313083885188,1.1006249660953626,15.060909881639013,120.87512005722223,34.44519494731161
27.969462945984645,1.2434201527833384,9.041591694554825,138.15304866711452,32.55551040099327
27.912747862907704,1.0165700370560904,9.162842073535888,131.87234489542064,31.1161194038074
27.84778649039607,1.1529364264941941,19.001196905351822,128.96016472162648,30.11989742255747
27.9026083682401,1.0913599131301768,15.85301859996633,146.00823128491538,32.59387133143707
27.81640895998566,1.1385960077418338,13.657800143349633,142.4022992339448,31.824241992538436
28.005112520238885,1.1220653575849624,14.71580081630918,145.73296645117327,34.361220179048615
27.884504015341204,1.0633421901445002,5.439491646551275,134.84948384137383,31.481139078999757
28.035067886768612,1.1114498196229672,14.271544483425453,123.92793756380333,30.7439288154763
27.766615653069454,1.0071049274300856,12.642633098363028,140.88664308363818,33.343694327353894
28.049632034832168,1.1301623750285699,13.186245196691535,126.18221339811525,33.387922839075244
28.125029344241337,1.1149079232995263,10.391357402462257,133.2368900727515,32.25297705141529
27.70093965361428,1.1319330084321553,6.222108465694128,121.95002366846666,33.01453557151236
28.056108485477136,1.1529059162543576,7.900088504180783,144.75925207268946,31.943469318886642
28.184150348870993,1.1183809920104857,19.261170698190078,123.77821923142501,32.35079765151387
27.81855384719632,1.1074044709899138,11.13049343406401,147.0929252114793,33.747486323845884
28.250885858025654,1.0559465831669355,12.000247337462962,145.9269180678467,32.93797750103226
28.062852851404905,1.0643889618175475,5.790646847801585,133.9374829331774,31.746088342501064
27.89424822163624,1.1593367310088667,5.563493443159709,142.33104612911973,34.028543818889226
27.991634638351343,1.171816770285299,15.757721705701366,138.5833522145446,28.45271694081273
28.08374903687826,1.0880944781843973,13.07141996181667,144.09226927013233,35.0781099671329
28.011400808711862,1.1023001373626637,12.630589763244,132.95415302357736,29.441061357663898
28.080813398866955,1.0547692812503118,8.64686795634003,143.5742545273305,31.059360762841557
27.861898961038094,1.1586378422633723,16.171260974448835,133.87370451195443,31.938623697207397
28.025404123605412,1.133270841184589,7.523548686627378,148.2289736352838,31.780278993907757
27.787942825464253,1.1970608718231874,7.849021154915301,134.59116302475442,33.50961656003983
27.983316090797693,1.0560838461410131,11.910682570224132,133.8785781580119,30.41324507208465
27.86441385378028,1.0810996050490893,9.294197931679113,143.55215584690538,32.391150226224596
27.889670508611534,1.1115722961262786,8.711944718497195,144.64733075282513,31.13268185267037
28.185413976281566,1.1323244768862886,14.678564668299975,136.63467342963511,32.44271146900613
28.16369651808914,1.0892166181226184,14.764576178278167,125.39393440485226,31.902841610303184
28.091370718136076,1.0563519454773151,17.367756046998938,134.0327469287274,32.139403479024466
27.836153085299113,1.1440703764461786,11.265628504594638,149.04217508729036,31.17511275130348
27.95253873254578,1.136056768127279,6.096276365392254,142.58958579117555,31.234904074855876
28.18196465499688,1.054186294971814,9.104995773821866,144.33487811637397,32.43090877104114
28.021257537045987,1.167772140055275,19.700081947952256,120.98476496457721,33.41557325863407
28.347899430997256,1.1585099354598303,13.94387862849053,134.0357838790248,31.10258099870323
28.058997675909154,1.1067148248623897,15.646056272015304,139.39863400972666,30.696848683140637
28.028807367473505,1.1039798931188018,5.110367444381218,144.90098050884225,32.92019024850776
27.953632530369624,1.1277028885557954,12.773085982737813,121.47820960748314,31.951244160413466
28.020031135717343,1.0569148464871871,5.562929862977047,145.5731665692562,33.245747200978926
27.977129524542917,1.1015015739582041,13.53845318137172,136.45202810225734,30.64130417994328
28.106216301503288,0.9923808227695411,18.81156274454113,125.91941911728179,29.330841611864855
28.143505347519188,1.1438227822751468,19.526286957506116,129.517656493491,31.2004938772605
27.88210158092381,1.021925338877907,13.108290130833863,128.45788655254682,30.850471086102477
27.800315056966333,1.17517099142145,11.873072078783238,135.92577102865428,31.88181739987955
27.724569194034505,1.0834939953016776,19.17525641372741,121.55057039733396,31.044732178594415
28.076198699036883,1.0894166509034413,15.104147479950427,124.7560847549977,33.11152542700467
27.83449500907392,1.0686133046957749,5.973489193076142,144.38079130127346,31.567774606366225
27.677066411057126,1.0855980563038963,11.985883665012462,123.97811972240433,32.225711748160855
28.058286790679645,1.1709265672574019,8.603675276964559,127.00188808374381,32.23645183766141
28.37394992761492,0.9756095671732461,12.047064821730224,133.6011181681247,32.29243263861828
27.999089363269015,1.1638482693044094,11.831983580095425,135.5136266433999,31.96380633431754
28.125773616167745,1.1169011740550856,13.73217204222113,142.90831438842477,32.76590103561547
28.012274403782136,1.0396489176071393,10.351557355238768,133.41997279998563,30.806517299261287
27.98516655202133,1.0462343803475382,7.46405674183892,143.69593863106616,34.09912688998082
28.137861472448165,1.1838196513604102,12.555791518849343,138.55038921136372,31.645193924947197
27.9564588183717,1.0527246560028636,17.45304326518643,123.39299218271468,30.032676293151976
28.040108847110787,1.042332474470202,14.960183421014035,124.68994315178516,32.28211003548766
28.048254670929403,1.1568657271182365,10.075517988878238,133.11101176349314,30.723229276328773
27.899786431953544,1.1169276438142959,19.03284534138286,131.90668179267118,32.998001801763316
28.14880635243048,1.0531037211731802,18.68311356873773,142.30632808911884,35.31440836406357
27.97375603649569,1.110831248770231,8.140225990761483,137.42211419392055,30.820141862663224
27.886638226076073,1.0487123658179862,5.5912637768054445,131.64399243006747,32.49855849983598
28.080476476535562,1.1550410699211304,16.119630625261433,125.12280850351156,29.36674161694306
27.865229802731346,1.1530685482436567,17.414153920237297,126.80511306976486,32.68085784416202
28.00422717360537,1.1266003099410973,19.51796848927033,137.26503055407176,30.671429300300467
27.99863215050337,1.118083053062351,18.34754591132466,132.70316414699377,31.062748072348278
28.162884334874736,1.1880594062433687,14.008021523096222,135.44782526582017,30.34807026524026
28.071204734931992,1.0999843163694114,12.950785088185713,125.120323059067,33.0982268390821
27.99624595618823,1.04090629372896,5.417615768938794,139.88718757033698,33.510956536209896
28.122664944880043,1.1224736956416155,8.699846702671667,145.576162225679,32.03507782198776
28.208531132352597,1.2043023524768557,11.894221275993896,127.73818520360702,30.70335994199642
28.08367154595278,1.0492620253407074,14.427558501253518,134.7454267749548,34.38428455415579
28.001552892976505,1.0819268616653008,13.35877749977616,149.26581987062704,30.874384808368017
27.803224565147477,1.1208223019050727,16.139539845225357,129.99725221652182,28.75695155010884
27.840232950538695,1.0973047575497132,9.196503963305613,137.85139034771282,32.6875835149356
27.9542162943468,1.0508848209811343,13.474289114787098,122.70587100600733,30.342837989537724
27.908573169676107,1.1560928928115237,6.322133650861882,138.1804500743833,33.48291319024876
27.971954304552185,1.216002036100863,11.204982853748104,122.68895319913854,31.428293454989873
28.008497488734566,1.1098065729511954,16.252412494319017,148.77706305971466,32.90556986081629
28.07945391315351,1.0547965855132,15.40101280143566,141.46987956216935,34.10225051982824
27.989425183291136,1.0225519737473263,19.859641057582685,143.6447936440712,30.186711703068916
28.07297524657393,1.112898799061059,9.16836688981634,141.1231308231491,31.15109430366139
28.00967116222152,1.155193867165813,12.472839487609686,137.69187108229397,31.886493391014405
27.70368001504692,1.1237583873247692,9.942956206609951,133.49738343256516,34.30632697855152
27.859099690927188,1.0998798079540575,11.609046710887622,145.7512013928319,31.01242592308933
27.978386866641756,1.0705364174105347,17.854251948040822,148.70507002629188,31.108244456076488
27.818545788573832,1.0453918183640956,15.263136127827298,134.97108518712244,32.71721086333371
28.08998930949943,1.1417375663162441,18.236617870213728,147.94605147465785,31.134156911434143
28.229612624851555,1.1456885810692794,8.052666624978297,137.49998729965552,32.228788824346424
28.1828142777546,1.0227135106654635,18.10041676762157,136.151525606893,29.67269386854781
27.96798356936047,1.1794919489090343,5.896434112675767,133.6344819886607,35.3214949138349
28.223608920527493,1.1287035610447003,18.32898920655729,126.2786328459036,29.978436154535895
28.02230011858032,1.1699797322572898,9.936106691910918,120.11158982454178,31.517370944014687
27.949437104332294,1.0328936125757444,9.718814501210996,127.24518680568184,31.95127844623686
27.90798960046886,1.031708792229228,12.681328650479958,135.29169514810695,34.86903220153519
27.95462954702678,1.0925515345116352,19.110352815848476,131.39879856779257,30.01273132860089
27.941773477218817,1.1251392213447597,5.71672047022108,133.45455684007902,34.975556203218126
28.025562433356324,1.1898180411463484,10.283464626061178,149.41944658692148,33.13576523165303
28.02408609715748,1.1353039456907568,17.84857983025004,130.50817112007982,32.62564298663487
28.00045690302301,1.0878659361593985,10.940817161532001,133.56548818080324,30.523049469473065
28.065540725461954,1.0486815396167055,7.987353463956005,124.00546654058459,32.85671186305711
28.17859694121795,1.1615000286359576,11.371912719971178,121.43873197310963,30.9147700663703
28.1424331203162,1.0517647287124643,10.78328752237504,143.26228543777484,33.89999187979762
27.777265304732513,1.1814234277386162,18.73124302200055,137.12049525215934,30.5434069563384
27.616911829764707,1.0857807675196747,16.429015636146456,142.82114418131684,31.830262258315873
28.140147986685893,1.1795291036308926,12.576733336160096,124.49588396659655,31.167090367980244
27.794968195237686,1.133946564502964,19.82555850082357,137.15486313548072,30.51871555635951
27.966285189716096,1.093150225527877,11.97916296913885,127.60927423024127,33.11197972536187
27.824483046091096,1.0740301814086937,5.873567462304129,126.84185450700059,32.80318812111445
27.729702934362997,1.082954606132696,8.934114827224773,120.34578042158955,33.8135152983515
28.08121940923072,1.121415834618762,11.54105720328969,123.91022170707215,29.33018733768775
28.113873274045396,1.103857824810886,7.3535393621918015,129.27804334499086,33.59625605351157
27.91352343989099,1.070309429596565,19.213476894860644,123.50636281772817,35.75817335803534
27.611343656178263,1.0917184294841185,16.502733467266594,149.57575321232812,31.32253836623458
27.918063332762127,1.1039288514859575,9.02430800641659,129.25897945571853,34.84272291816345
28.058770600810384,0.9935632952792595,13.862068002768737,123.90971840106984,31.60525809191026
27.77816326468388,1.122908405739435,15.821737356643581,125.97246938483873,29.941385393658038
28.027503987966874,1.0510139387641597,19.11918393360197,137.6310968502443,31.541551336389805
27.99770352262405,1.0423333798397127,18.224530237631157,121.92130571594366,33.57230595151292
28.086893724940165,1.0156327826444647,12.727883392073206,145.8730239042347,30.742735276502703
28.017937055262124,1.0103053751066056,16.619789296895263,148.8449903771144,31.09949201149027
27.854039658867766,1.0322276248443856,13.432171307413775,127.40242262002143,32.89030914843978
28.179485725249673,1.0645489521184757,13.290558350683101,133.50285805772577,32.00459017510786
27.976220564045956,1.1976629568763286,6.721129375072879,120.66403353088491,32.87693442873011
27.99590431907351,1.0737060162052399,6.892064870242281,139.22130674181665,32.356744311137504
27.860009806139022,1.1088875053134017,12.94300422533686,132.41778174157767,32.71943797932736
27.933507662321272,1.1200240693253165,9.032923174685099,128.10175398304668,31.35154822128569
27.867279592895965,1.1065532593107925,5.3155535369070295,126.20511331849825,32.347596413045586
27.974058091011486,1.0961278269637005,15.842588058503184,139.62069232976282,30.6089404914561
28.256756272021352,1.0402353118200378,5.487298950352474,132.48651093096944,33.932650433755086
27.794214828560296,1.1725463774139606,13.929152616560819,125.38977867089736,31.04858792477403
27.75796579031849,1.1903598321818945,13.087906911909716,140.67327244460472,33.69327123132408
28.220675549124042,1.0158670652938657,19.532220358667068,136.95216849110082,31.6495895585257
27.96860144842722,1.048798570455681,12.263197090214625,145.7601616478849,32.30299851613598
27.899639089201013,1.0860094828811497,5.9540215456669605,123.52427696629479,31.25755317366395
28.155985703109412,1.0517731102544905,13.275319517096925,143.56999805833368,30.476006853247956
27.90915766903947,1.1252982776727933,17.61644255924152,140.20550360451776,29.382859418592048
28.27390145703204,1.0635863898796694,19.9527392642216,123.45032810484294,30.41701376211131
28.10168888070089,1.2082528033903301,11.455147605336087,140.84462189615164,31.51413672017612
27.926813288778146,1.1595274297171798,9.804481137451138,133.2464186663949,32.31781876824333
28.323596231989825,1.1106287015316108,18.59979945427998,148.3495435666753,33.51556896992489
27.9091427615495,1.1513493131659867,7.868631936141821,124.24834051853698,31.331363810304726
28.111314305801397,1.1552950212178654,14.231433725493899,139.28500172447212,30.677058853599238
28.044893887060972,1.0718026255970878,11.085716362714216,131.4594013638884,29.83592782099593
28.19526119340982,1.059189137772902,5.61623547433333,148.70444011772634,32.720095426856155
28.234226679509028,1.1039071531484825,10.209327114585466,129.8992468587083,34.07479177299402
28.004800622359866,1.1430818062248973,8.978427837540119,148.865577284754,33.89949540193443
27.88698731944807,1.106953019932671,15.291367309152303,147.04457553302248,33.06489912222086
28.06899582144087,1.0211501758904502,19.231857465378773,128.1114970593197,32.9578149759014
27.898342694537185,1.059858777802458,9.020707810679566,144.10625330479283,34.54643566956401
28.302008087128993,1.0963013568202813,17.17198908727523,149.86812605410518,32.498122192125216
28.02048029966241,1.0962167197837085,5.830397254076143,127.57989006513847,32.96919451403626
27.945201767303185,1.1986271088394904,13.071815150597198,133.1033150796996,31.518824207222
28.027702045879735,1.0307006028800503,6.058250955648418,135.6054220970028,29.956934943717865
27.797931056570544,1.1252794620917939,19.01049486695959,128.84793407411593,30.974226649250635
27.8542578942234,1.1744556554164145,16.495269208360853,120.4579451893809,31.986261442198018
28.180062086191665,1.21357248727114,14.869248668068884,126.6038773259258,32.09117805875196
27.90146585815429,1.079780128840802,17.358445724369965,128.45810653025276,34.88942878228309
27.84296335259771,1.12457147263601,14.712796933552447,133.3079910395456,32.1219157513866
28.080497912879093,1.1284880178599324,19.53416595761437,125.13307435240206,33.76826516603847
28.17785562319945,1.1097740865776646,15.709369217971572,146.19763070075018,31.347384137635526
28.10784299659976,1.0950577399380348,18.8698791437337,141.14733398194008,31.532486171352147
28.14940715287087,1.1217987694750025,12.75697838015957,122.55601432678986,30.006488544164828
27.88648073671458,0.9733876957390158,6.7559661947279395,139.50277353419796,30.886507980685142
27.786728399988725,1.1341034745031318,12.922665821345257,139.60969429216863,32.79047208704563
28.225200047793322,1.1063088951830984,6.9030924209463995,148.68663520930883,32.0113402705912
27.95159802417368,1.0888762551610869,13.887402187646076,120.09062614068483,33.41440792984585
27.962375047531744,1.202343109785978,12.237395907914944,127.43797349417422,32.271880922517575
28.19922912127736,1.0662532990604725,14.338630967491726,147.83374438125946,31.471319402543386
28.0834345014101,1.0798462005467486,5.150704715822474,147.9640174619485,35.22244529568044
28.068383165812243,1.1995776651102368,7.922607374830461,141.6175925811191,31.859144646930428
28.32475035173516,1.0583969347575073,12.369956478681964,142.9728996314262,33.744501454557955
27.90347226544298,1.072494235853173,19.257553423837024,122.74448873788941,31.398186190182983
28.139176019212186,1.0926487288284576,10.754135605327377,135.416275043347,33.06439921907535
28.00855196873456,1.1420367241064775,11.36558039080452,126.94748973866999,33.39202348872753
28.04028884182949,1.1103901253676658,15.720441335099332,125.43654130840852,32.31273795586337
28.22927026396188,1.035368732642387,14.05689135929177,144.30909897369997,28.468275615955097
28.076175363443443,1.0733915718436406,9.483892251474998,124.05114410041642,32.02737869128417
28.080744411857445,1.0696322783393895,11.162245933511416,134.05954910989155,33.845690071639964
28.16087610059647,1.096138947738848,8.265496982858487,148.157347187581,32.79122124954159
27.945257090568568,1.1212921829314915,19.490321886953126,125.57496166696028,32.66875831284387
27.874118549899148,1.1209102877943986,6.959515723360396,149.33980271214705,29.41661459906372
27.843278620896847,1.01119941229758,10.577551768496292,149.82863957283178,30.919317393987413
27.7050465115936,1.1531970493780428,5.387584583300168,136.6685146404721,32.617036446727155
28.30843106949105,1.1126284422998312,8.326692379003196,125.10428220531473,32.61557491518034
27.834518745141747,1.1692266023796953,16.707067075702323,129.48314663822686,33.82200017019935
27.966811956462134,1.1222099163645336,8.017628484333192,132.73478498029607,31.782699867280858
27.958478005016662,1.1550661478867883,6.200951037934484,129.2797267307467,32.60873613001072
28.046111004671364,1.1233272655725064,12.116797697667849,128.41906739629547,32.02456136289694
28.122360581880894,1.1673112878101375,5.149538521017777,149.16689127649073,30.519585895247666
28.12907102325396,1.126112531800889,6.271492316394998,124.60094482247237,28.616313003357877
27.91253838421466,1.0951042376778548,17.114388043444627,141.99983726150586,32.64651453819511
27.97493174293204,1.2136217360223442,16.572100172894096,120.01230868317525,32.26092081261922
28.042386992573245,1.1444518561139947,18.72708230607344,137.8854800820713,31.072737436849746
27.96269633107247,1.1286872210502208,17.817731538661242,147.47829011862157,29.571240415226203
28.241101836402997,1.0361847791730834,15.247633448597272,128.63802282279656,32.94460927161311
28.07364624274574,1.0355846191268232,5.784992859509942,125.56577925773158,31.601119888706673
28.110231667907474,1.1146357741070927,16.742729269799863,139.55039384635282,32.83531208355222
28.099432190300114,1.1072760598884122,17.68266216260841,141.3780422189518,34.79607279561764
28.1760210786228,1.0692938717495843,16.986232186579315,140.64091556855945,28.787853679520442
28.027153233805556,1.107049134980603,12.627185529620391,129.5795064006412,30.950598786946454
27.805475207806623,1.17943134640218,8.493527579742224,127.56607206477993,31.68593658003213
28.059953192762897,1.134770123727515,17.6799496353309,148.67756399886133,34.182239261219976
27.902296465931226,1.0429495745123631,15.907442146102078,147.69898524809787,29.54539547119027
27.920707497737535,1.094424558642853,19.711417615832772,133.71949829678462,34.903791538520906
28.087954602813262,1.059751675957372,7.335388966338994,145.3858159846312,32.20378385234944
28.185742460715044,1.0806150041795721,8.384968745780826,133.56970432902887,31.855999007399213
28.00319073651041,1.079319216718518,8.17697224822254,132.73167054217532,31.70291035517164
28.046324951889844,1.0761177208697998,16.88809651432005,124.70288842797883,31.345605451729956
28.255332241695285,1.0372432314013302,7.803609446751772,132.7921816947592,33.57217513890373
28.036112976923285,1.0936172659240906,5.999897447349591,136.12250815799422,30.39721886887634
28.39025246712706,1.0719696181576346,19.978412098784432,120.6751298228606,32.51812127246578
28.084826446844733,0.9535275654998867,5.372258171677237,133.3233901552622,31.423727501439537
27.735885586126628,1.2026486012250832,17.528660902382985,143.440686551856,30.856799827228855
28.11300124316568,1.1544384827108336,10.480502623259792,140.4013816912281,35.87896276352584
28.057173757732418,1.0811849637537503,17.624231896367228,139.05470966591804,32.62857610213019
28.193462913112413,1.10094095248703,13.319307368167175,147.28666285311607,32.91989831699171
28.100977202690494,1.041417282634122,18.5244684422954,120.5409602947569,33.706665171002996
27.979231602402432,1.1847861438905434,18.8928947962194,136.711427585767,29.86797508202218
27.816355264556595,1.1948644347386557,5.13647271921164,143.62046545229123,34.62843786368305
27.968646511407098,1.1078346864123263,6.131182639891824,136.24006148103803,28.236564232257386
27.872421931868605,1.1511765322092673,8.755380943562832,129.71686657741137,30.84685038494222
27.912921482529292,1.1087643389466963,15.039731245452526,124.08751695275933,31.31145249023165
28.08828676066309,1.0331637280562036,18.32408294767259,146.62689215448574,32.87258504745576
28.250485675652712,1.0794088315518173,11.899129269409443,134.1228717716281,32.32807739921223
28.059200729473446,1.106596398338598,14.104596744113982,146.34345590957105,31.74977788895241
27.820617540694723,1.077272614062828,7.827497791933418,137.57556367299506,31.982003983058416
28.06669040023302,1.0890673361282484,17.07450250822528,140.22576349845002,30.53296546471615
28.179494722996846,1.0954300221245443,19.509921670302045,144.1278346313535,29.754151408273742
27.908532564352093,1.095956075106727,9.028983993718962,139.77466633800404,33.08976743350409
27.979897424999063,1.1026129245248741,12.422389274008195,131.94164522036812,33.04055916880428
28.00220322920938,1.04696974668017,6.291741657595606,135.40900151785954,34.37674156273559
27.882265253037666,1.0641491925436033,13.387049846944526,144.0913657402764,30.81497435477719
28.09724206507658,1.0357707867150017,12.541751627700208,131.20950889118953,33.03922281545138
27.981857777708832,1.14889077748431,7.166547262326164,131.64364370305492,31.574439907452902
28.062929866586053,0.9947176529079839,11.630993196771126,122.87070348174004,33.78571247779022
27.866876173329686,1.1576795171658463,10.011569781298448,147.43753305665243,33.53294416501721
27.93438125495149,1.1693174698631423,12.82746312957784,122.73108944836325,32.31681409883669
28.108357203674167,1.084890970650869,13.784815031431988,139.4462753234567,31.49070476500102
27.944075027186233,0.9698431456086352,5.127433679108143,132.39583436408392,33.44139826791239
28.25904457768501,1.0819344719016355,16.415089744243332,132.16858170766326,32.97035678488485
27.94005457215781,1.096790791935559,15.695214377926112,140.38655509718052,30.973339396870728
28.033702708862783,1.0494700890035544,10.494295793097834,122.01281197889637,30.008301989780854
28.139888624780962,1.074239080309588,5.794039033532274,137.81117348854303,31.567200648977305
27.787245140060044,1.1765097599431678,16.323988096775757,143.16095357917064,34.273120723022316
27.735878678202884,1.1332463581150871,19.32762740717199,144.84638273659783,33.71973073809956
27.771151552814487,1.0537717942810951,8.602273940330214,125.11591168181326,30.33150879549413
28.18938761551408,1.0201200415202285,9.85286920605557,146.92257150234522,30.24836387615012
27.917221278116134,1.0836491341195116,7.757193342227224,139.68438275542326,33.91202577451923
28.383729892850237,1.0893271610324782,13.654041850172595,146.45564402462048,30.296546142863257
27.91536286020139,1.124809959368166,7.322620919711824,134.55842151330594,32.76394298546301
28.027682695479555,1.0732341643716172,10.342909151920692,136.26100035291606,31.075893176995514
28.23131649288518,1.125574978768093,15.455195209013944,147.57114831086014,34.425567386782525
28.300913933223868,1.1967577020030116,13.401739745140226,146.99728630064016,30.844362801293183
28.30922553649546,1.1407750511222132,10.796938464919029,133.44482620107007,33.71504229530874
28.18125493458897,1.0975955746334614,11.30374402711313,128.23237894907047,32.277287981090545
28.15360937887172,1.0908424764473355,13.431663239348442,131.79511303692792,32.37829228135143
28.088879042380178,1.0821663432910065,5.08797091830742,131.63292985589248,29.044537127972898
28.116754161424996,1.1590320456226073,6.177648026804148,128.6060062494838,28.695629970191423
27.91732214255072,1.068634327702435,18.218871016445174,128.057388129989,31.66915108959903
27.877270167486653,1.1022611354499992,6.168184836369361,145.8318880943916,32.37035909512492
27.999493831388357,1.1025598950940543,15.602053943157577,122.09585762053985,30.312203258393414
27.974472306621262,1.0749107903594235,18.800572461635788,140.3283354629878,30.366959884285485
27.932015792600907,1.031376722605795,9.060254064525967,125.18460154369357,32.8422089447392
28.104458117118508,1.1161487251808835,10.557371555892715,130.3351768018219,32.84428172068569
28.143295781285577,1.096949801407231,13.533821087670745,121.8462910240451,31.79338840941811
28.013261032943777,1.1250120234718286,18.22563454457877,128.09920910566387,33.17030258177911
28.22162951215829,1.0733199846780417,19.128583808906303,143.05263213351725,30.23869655641978
27.828746632879973,1.1610410649406524,16.09344872166902,146.55045973641776,31.466097624369542
27.97095108110804,1.056161310939408,6.299296412820411,126.645814557071,34.47181640867551
27.89247665190958,1.1856020142008947,15.037312333022761,133.90643517776766,32.10248319490972
27.72001950743904,1.012618174508587,11.154555828089931,134.1097214381162,32.1894687718805
27.987597897123596,1.1217385032278446,12.060514992365924,146.20725917279202,35.45891987895161
27.981737873742507,1.1237715341263312,5.737225855177655,142.88397158627416,29.900986751226846
28.22701746148632,1.060222146602956,7.865932090195373,135.3923165510415,33.19464554996316
28.094621752683217,1.1212196968930508,16.857704113004715,140.1224160141532,34.49597941971215
27.846371976350618,1.163975933488008,11.809382495717896,145.420651617281,31.512713110252182
28.278113884950127,0.9891590580322969,9.524933624467232,120.28616862076635,33.28944618028227
28.183155054328804,1.1251372403745408,10.760286109474372,132.08670093150147,30.526970754183644
28.08731465552029,0.9753364589834962,17.815992699885204,147.21729501831237,30.969901406648972
27.966027385172524,1.0517167598238397,16.234985261074353,142.20939092531853,32.57744962407145
27.856084114491477,1.1814583182450473,9.084730957716243,136.28524123002225,33.197850009665885
27.944168983589343,1.0709108983303974,6.7625276031856,135.889335811054,33.68140476860937
28.163312292955627,1.0413060017795515,8.779973324661075,130.43310292813314,34.35444288040924
28.282687945890192,1.090103113550766,18.811346765821007,135.61561600924543,31.898830162167226
28.23148652924083,1.2033953169081777,13.72383256774633,139.6614959839036,33.79041763275888
27.92667258673206,1.0084158876396987,13.002203131171743,132.55089115286378,31.486542734826276
27.83205738500665,1.0474345044180329,13.945903995386923,141.42459439176523,33.353136967382405
28.02113293703668,1.1748715841589814,10.49042398619773,145.83696681781157,32.311233196778275
27.73473409516557,1.1928851171768868,17.10660530479269,124.64054544554584,32.66851686062289
28.04847515712772,1.0948284387854859,12.849293739503747,133.54641068452273,32.635261811033054
27.977859612055198,1.0380473648736679,6.751218541531934,132.24060273855244,29.592942485303283
27.930094524719763,1.204792175090458,6.935976872435944,140.62394412149183,30.31381721170884
27.76079453990998,1.1797221195874599,13.052887197539276,127.49602395773788,32.153812159726286
28.077040015985457,1.1339473493881118,19.048553271062588,139.2075274485683,29.46908138053825
27.92009487405071,1.059379882553129,9.62528182514298,146.32467725194465,33.24681665479963
27.824512474643456,1.0975485329580983,18.043117532888274,132.54394799380867,33.30733394943221
27.569160668007754,1.0919819959477586,16.46143379868319,147.3304709993766,32.49075582931668
27.995872764242403,1.116542565230779,8.717186643603602,149.79491216800434,30.318298980863116
28.265837739500462,1.172550071906567,5.5451112247436365,123.18276149843857,34.070208408302776
28.24918888218218,1.1439708520568703,6.527708977135741,126.99159563954576,35.05581595957754
27.93143556151206,1.0461311961507622,15.927409007711603,148.5113925444628,32.220615241168964
27.909668190945734,1.168824822500977,7.995046070609701,148.74983059444162,32.765803067676856
28.070316138411254,1.115656607000658,10.569063807580907,122.93121826160275,32.30260798219407
27.850242184121758,1.1343532897929458,12.525487490096372,120.4499550113141,32.7955537834982
28.04526878497292,1.1733270429639302,15.882022526752442,124.83300069769267,31.820661865060405
28.114912041757705,1.0444209875243224,6.69846834888688,149.88038350146746,31.948153640234295
28.184039983582647,1.098208721064677,11.095496079161922,125.39998849832061,33.358576400746045
27.984976888528006,1.0734272724320393,12.27609363714043,135.0764282016607,35.51843624284466
27.969448937473455,1.0216070287317274,13.112405959573096,145.45253179291532,29.899893148397393
27.868302611986515,1.1173354988802462,17.27540962092825,120.6120483206462,31.84428127339555
27.875967946894022,1.2255778275792213,7.575172925648253,138.13466946775378,30.229309272151877
27.96602816621477,1.0079961127747123,17.117471777399334,128.31076346608873,34.38803734786413
28.055104826022426,1.0983859694475266,15.393176415449783,145.87004749319195,31.118393046020152
28.13703769393499,1.1320271467537388,13.33806221298439,128.50383447792237,29.83519880932131
27.879523157397948,1.106153910082809,15.49291805603858,140.60267160845726,32.95728049827286
28.22390328534393,1.094343597374213,11.180266084274846,140.2265889734219,34.61646667211467
27.959331459843614,1.035039181827709,7.075963789521868,126.6448064657892,32.99539680284114
27.996794905847736,1.1116393371470084,14.98647860398051,121.0439759960505,32.30719681592288
27.887918248127825,1.0621618011492038,12.870084600284333,132.27748721356193,32.61371138416399
27.63636396095906,0.9905039147510724,14.590622008141633,128.6757945589761,34.12226099423833
28.132606809454156,1.1597296110256867,10.06998171542735,144.26933248841127,30.688701094978775
28.110526584563864,1.1479192909921023,18.60299866009754,144.01092565366037,31.83222934387053
27.95780086643227,1.102583048842554,13.810548028633654,133.71071856577876,31.3209647772357
28.01004860758373,1.1114537344102853,6.281037264363107,138.19536675969658,30.248202039062434
28.077390882655614,1.1537159006357782,11.74705986056643,138.12778547960775,31.507437110874797
27.765618121467018,1.1112169828389042,16.345340821154515,144.8147444528287,33.661581643973676
27.920642098398055,1.1452008777380658,16.912018425984087,132.75007242369594,32.84990322258909
28.119139701943276,1.0851258899563077,12.418955791456382,128.26340039371527,32.9664657501623
27.811856586524613,1.1655991869286975,18.421213562469518,127.95104754421642,32.21971341747998
28.044033689824996,1.1160392862966342,9.015026557914464,136.08576837846613,32.78498567409288
27.79651272930649,1.1097025971802938,11.158980458574,133.4744460819664,30.79911448647784
28.069964497365028,1.0364969455643984,18.47895365853455,133.20362312954808,31.535735171109156
27.994653777655376,1.1143477927150855,18.443850747073682,122.73412017269122,32.288006355453014
27.757730227614175,1.0584022541252776,15.285691532370214,141.55811222070588,32.41627378832283
28.174710903168577,1.0680858636735753,17.884708206833302,126.41210063945732,32.48028178238281
27.889811263480293,1.0592312185841941,6.33159900434349,125.90860890626163,31.792497076975433
27.878462134447844,1.0466882534050388,17.974924643116644,132.3827496083218,31.433864898304506
28.03008537958464,1.2062385701508482,9.809298598253402,126.83335024853405,36.73665692456645
28.17229560241431,1.1665669530994203,7.674972686423245,137.51574801924045,33.3601809093986
27.84762672715324,1.196018375107213,8.590547545130695,131.14390018003414,32.61972121392893
28.009251977477195,1.0388552490222218,11.269527620208306,133.4673516777837,31.650187252690408
28.064322475049586,1.1035626874955446,8.767880069067008,136.11507964812085,31.323171759584184
28.103965841089472,1.0353246187397953,9.808513790247485,126.10606567445414,31.803799109409567
28.026466233291583,1.065215256140147,7.024677291074632,124.6725486859659,32.43924326538003
27.944945824137502,1.0540936508291714,9.442651483384978,146.41265708620813,29.17934668390538
27.87586146690269,1.1619792003220781,13.584257218130018,133.01171108494262,29.645915606937976
28.012921582456958,1.080188516094912,11.627805621365958,132.36280828897617,31.044676416591564
27.83917914820216,1.153418966684701,10.200781418538668,121.06836450818524,32.31070915516785
27.56179742747581,1.130206044479426,16.19678193285671,134.9392890776218,31.641090279272223
28.06548397062365,1.2151819376052395,18.40264957089977,136.62509164833,34.21718183914923
28.13559022616293,1.0260277888430138,16.351838343535956,136.76522612864,29.776404819506347
27.645560134668724,1.16296166198934,9.980010531765188,141.21093507968652,30.872981795594946
27.848540394293508,1.1573220435200364,16.166632517563308,125.32445504973035,34.28013761148665
28.09287313915078,1.0513310580986484,7.279702737110768,127.56669402691857,32.19667898701272
28.308624320456754,1.150356666823658,6.954769821369364,144.3219139569124,33.32726387420174
28.003119056151313,1.1168072481513116,10.184405555542384,148.41511850530182,35.07687041490419
27.89079955881563,1.0886261870023297,17.115535535660854,124.07798242101961,30.959293373147265
27.972565533834274,1.0588032256514002,8.695223708634527,134.92948663515654,31.85102849331195
28.20623146287223,1.0640445274275407,5.948801133480194,126.42528758218761,31.591359648603692
27.90310537313132,1.2024906047892965,6.975643028095327,121.80219505064947,29.068110493275086
27.880121199002463,1.1000341409478742,17.881174527943703,129.76510014378405,31.534404794366047
27.927588471672696,1.139106500076573,14.506749271209314,124.31062875552638,33.321593281070996
27.857000708761195,1.0604550309166225,8.79801745054965,141.29799220302738,32.810884312718365
28.01840054739922,1.061007352688918,13.32943737992272,136.01176241014332,32.928624754082016
28.243701768770435,1.1540992404624972,12.913694336380257,124.31503412970933,31.43673652904075
28.048461890967403,1.0325211894224235,14.83153967660992,120.27724765216543,31.015854145991536
27.96214697468106,1.0792393116047365,8.497813316324244,144.24471147072637,33.90388350784793
27.95622830966267,1.1017013705536116,17.966044807915964,125.28583218492743,31.254024280463497
27.765521378695503,1.1055686300920027,9.640528431200192,138.18649926662297,32.441123058189824
28.132466466572073,1.0910453357491923,15.411974809643553,130.10765739230237,32.245002021016305
27.98832442044808,1.1197909890547963,5.241869695583223,137.56457814945108,34.192575524385674
27.972928012961408,1.1346427877908907,10.589856948412208,129.46960880946972,33.45711853650854
28.47896613517673,1.1367318772729667,10.275647269382125,122.60818682076763,30.05711206899932
28.044812936254853,1.0507098095666088,13.152266428745218,126.68850025673261,30.21867024983744
27.887231342485723,1.0857922451035602,6.091043926657948,125.64175699437227,32.8683647271037
27.93604636056917,1.159738143093847,16.851970605891623,132.84058057318933,31.90349352893125
28.172266856379512,1.1447323593786938,8.266712026513527,139.74851350278473,31.317242324069355
28.016990561580666,1.031357027425947,15.155567223230154,127.91418224839073,33.5234418259917
27.784258303252393,1.1175739950176102,17.0481818486614,120.36209805901854,32.28118907313337
28.13788434018628,1.0010887375312596,13.428154343622698,135.56812092794272,32.078686080334165
27.89977838716915,1.1023467451030187,16.113248100829782,138.17278468076915,33.16974296113258
28.280994666432633,1.194888350837299,14.927904683225083,148.8861148200543,31.437336507584654
28.162007209857197,1.0526053641365507,10.332946957280114,137.6841240927974,34.35277847820883
27.932901715651187,1.058283847725421,17.132878085503478,134.13517678134426,30.81792856515049
28.192152454260267,1.1382014890786432,9.42052054828292,137.20204877693112,32.98539359951313
28.010178326579112,1.0228599242395178,13.568193766272758,147.8370188958608,34.150749257989766
28.127916051268333,1.0683622485057482,16.180966087123092,144.85134436804938,29.93405676609185
28.07270992259417,1.1298220568790878,10.684338647187614,129.68936200091423,31.484997236221325
27.873046501751368,1.0682857076155299,9.541514114261375,127.11763090971412,33.713311089328336
27.90346752515238,1.0882015006394514,11.890190152592341,127.8790083709822,33.73586682159654
28.154494122637175,1.1372092855157518,17.269452415237303,135.1326311914564,31.742756599417643
27.949783700184017,1.121077304176828,18.94882644718497,142.32148353685733,30.897993359484712
27.9394527305137,1.1133409198147701,13.176251192898352,135.09657621548885,33.433903733496145
27.856731613097597,1.0830438860364981,14.921993079854778,122.03389187484338,33.775323653872405
28.063539859839018,1.1185030557634479,18.549104333583713,141.70742101319942,30.25300497723141
28.309378737886473,1.0938133659950122,6.478202771194136,144.1791038601286,30.19412952655043
27.83987006286186,1.1228902804962893,8.481178667992475,128.68493595359158,32.3378850229754
28.003632918500912,1.075153398744101,15.633500093773737,139.9237721785005,32.94404095014334
28.211833083312314,1.090871551281023,17.356166928684495,132.7977570316318,31.55139637215492
27.988053791313142,1.0505021103723995,17.85543542495867,146.6735806718233,33.01894072997352
28.06785576943746,1.0982496194996882,11.22660765282399,145.3567667448222,30.934795089743925
27.84064097077797,1.0594499568185578,6.3400985343780025,135.76295994928927,28.827959601389395
28.06424606458115,1.0442976774919004,11.566722159494299,140.74516637440783,31.364148391501107
27.97192836024932,1.1129330573927696,8.461018853105806,146.5004910306631,32.09484821976965
28.14785949935198,1.110636988792883,9.367946824949362,134.87151030234827,31.586240060155315
28.178107907734713,1.1391436867474287,16.584013352562586,129.39752221466466,30.262095104510774
28.388434546302793,1.0784437215212452,6.132906290388303,142.60998413728743,29.276526536181773
28.086944975982036,1.1204026423418378,17.41371826221053,126.60198764354075,31.22886679344815
28.048869447487323,1.1275398786136832,11.415036287362536,131.65593444018126,33.346483657474614
28.0291576452366,1.1222386903915798,13.940958966508926,145.9718171132038,33.884296159120524
27.947025056078395,1.058717315859893,6.344783468535185,141.73267020807944,33.781570076207686
28.050772576519254,1.1074681741135595,10.060386175359195,132.11433015742497,30.77613569727717
27.955689788479145,1.1182070148027332,6.345513785222687,126.44233507225073,30.269440514554454
28.025269146440444,1.1003589233453972,19.42315584321664,130.6790517249671,32.744951922469845
28.197639630341193,0.9956761170814459,17.10892473989376,128.523124476823,32.95265001739689
27.849018615208053,1.1080244811986741,11.894491315346905,125.28267863831562,32.60025440780075
28.170981784169356,1.2106265519698622,8.354038224855067,142.2999874069697,28.978905088643355
28.19756726010098,1.0819980365621509,19.00182657874778,127.56209660550515,30.6996731226748
27.98228972095134,1.063596145107234,10.168948935904577,133.6250241050329,31.955466814571032
27.681721765148712,1.11866742798557,7.414766475310621,131.57578340508326,32.730827291945644
27.908826701935833,1.1156189105233287,13.447465826809323,149.46232135906894,33.15096104390373
28.194549181984165,1.159636758270821,19.15661180517224,131.73276732444663,32.21638028342306
27.99656979065517,1.0371065922045557,5.057454357504839,122.39947448390265,32.49617570980735
27.850104665155765,1.1365690126287498,8.57187264880998,122.69477257716252,32.127298187541655
27.92428376181577,1.1295211030625734,19.076714606156116,137.72261164059194,33.02842906132773
28.126093003975683,1.092892673152973,7.566289502857431,137.98090655214796,32.469298477236364
28.08201003523021,1.1169343658960846,6.698651774597298,132.56276971447966,32.09860649007093
27.964160185124545,1.151472874079918,13.552808236997066,132.9553107693609,31.59744680129393
27.944976338227796,1.1436157690014226,17.927657349422446,121.61797748522613,32.12193713756372
27.941236277643426,1.0428490343963137,12.156647265408893,135.49639531167787,32.72688706825891
27.861638472325225,1.1410079093377743,19.91846385026787,135.14218426141056,32.401213083347095
28.242306353420418,1.0967655697483742,15.187575493069893,124.48647955670833,32.57123962751788
27.9516519296183,1.103643704900776,6.111123608156716,123.11518158332782,34.01408279202678
28.182573778123825,1.103659849550085,19.89248197522963,123.70717471798471,32.39774588411988
28.228197407788368,1.092487850560087,11.118413551702856,123.03084739473776,31.026502219290265
28.149746634722195,1.1595853748553533,9.311038007682239,138.2912458661028,33.325410178991255
27.935256953092292,1.0958141020075396,13.368187753668284,125.89447957208756,29.950702493496625
28.06055951355049,1.0440226935808417,9.564613877312965,127.5429045656239,30.37787992889107
27.996370659041364,1.0803235072015136,6.296862606802285,125.20716432454319,32.5037708970801
27.864444720890482,1.108934735840524,5.021425146187651,148.73505913345508,32.77459500167987
28.04865389225824,1.1614607392148526,11.743750293803934,145.63852389455505,30.132423164744008
27.82314403132603,1.1301547342474418,17.552951333398884,126.91484512054562,31.425773778519876
28.178151908269236,1.057473236062648,13.584727784451148,129.8269888176638,31.090874251670513
27.93030740540524,1.2242594958339446,19.988109484151614,126.29678526914992,31.269985515677604
28.030173948380927,1.1132387655488991,9.302699684708,134.7562787838247,33.41539666440942
28.04249318073192,1.1637695368999508,9.20682597140083,120.58831597422761,33.05975819532088
27.96116425394439,1.0924142783211386,7.396241903509163,140.14104026690387,31.97131673021944
28.08800407022129,1.1266679622352727,7.460953823980027,135.69474449452926,31.181057109327607
27.92876445150662,1.1419734252259204,9.277798940150717,146.9591678490331,29.97552549466979
28.130694594618586,1.160909735587713,16.892600679102905,124.93178052985242,34.13027740817292
27.79810304796299,1.1528684152689113,18.586351859546717,144.12327738183396,32.88817085042738
28.01895693693196,1.143609850003649,19.62630754561522,143.75883043400148,30.93999634389029
28.290839349858743,1.0842456634402946,8.484344811446789,123.81543567650661,33.07939924643734
27.849950301309164,1.071412697902197,18.219463184211374,131.95677672432382,31.89466456913806
27.898338254421272,1.11663037551621,9.923826339160055,125.1045792343355,31.569335742706485
28.077086177448837,1.1466564036170535,6.692608167753266,127.64161501372647,32.652817292434406
28.02693726729094,1.0888639649611698,18.050373882802482,127.89738524491634,30.88775262513091
28.052594514891034,1.1532585982857193,14.541584519654279,136.6870918207732,31.484365220734833
28.07337806952215,1.172630837274309,7.470963441215925,132.34232795281397,32.18219159629932
28.095208220284267,1.0541839540463291,11.447468862695038,148.43198412018916,31.25082321067218
28.166454976293434,1.058153964810186,9.308865423156014,123.79110425841016,33.00362781540129
28.061472798539278,1.0929812470547333,16.051918530652955,149.21076404550595,34.80359975551739
27.96381135180722,1.1153806334094598,11.80124345936402,126.91915920642792,30.868552801089287
28.10088605518041,1.0737716493116476,19.839199176595773,143.1862180914556,29.502312055543932
28.284982290234282,1.1676101339433573,5.821174733893927,130.16909778518465,28.997389748785608
27.980104938042615,1.1212033430759227,10.3252289920437,124.29244186251941,31.774297787757526
27.853820604299404,1.101972352412037,12.228502506649662,145.7366755573872,31.005253114810724
28.166062100393045,1.0282045238065738,12.547003321224796,129.2658269770939,32.31179075160062
27.98194282540696,1.0342092091786248,9.739037335784552,139.76566212680527,32.198896508039155
27.674099568097894,1.1140504625140903,15.93860373646352,136.99331055259879,29.595174730078856
28.127113251572563,0.9933702186922583,18.12120610233462,134.15268928172623,29.277674255777892
27.91970077210691,1.1506318704822036,19.080789529667946,134.87458417945618,32.443899860519146
27.986420007654377,1.092092307781384,17.07640065199289,141.96713742276862,32.20314325207993
28.04979704958535,1.2621546484797368,17.758702959598992,122.63318742370322,31.361273002450172
28.02857495196686,1.2153958125308055,13.258179509299932,140.04541985873715,29.514284622301542
28.106417772570857,1.0909275465376242,17.38832339640222,146.87436304195737,32.70708689414749
27.934677044414524,1.0946831498734344,9.552558637219283,121.73364591059592,33.907849318135916
28.07696586972641,1.1497790757001016,10.977181431638215,124.21960017701001,32.41697366032838
27.961067998362413,1.185158630495902,9.753695207278165,141.49895810106094,30.728789164152403
28.110821572133126,1.0180985471281994,12.010810031718881,133.11844944733852,32.06682824835673
28.092305122601957,1.0106812267322658,9.283694243579546,132.10645862441066,29.950828878599474
27.859684194693312,1.068898259722281,19.4241716338167,124.10899903632708,33.586941070758186
28.162897317426253,1.1291368791586933,9.692669420085021,135.20310122153364,32.12276650179431
27.919605483232893,1.12484367952538,6.470668071664098,123.79635933589131,29.34776463237015
28.12120866974217,1.1534885727491926,12.9022574907562,134.2986136893162,31.548988459334478
28.0550930970102,1.0400151235817348,5.856486176677645,142.9084589688497,32.69495226535135
28.275727551519267,0.9841928068515562,6.658147494628707,127.7479307366149,31.500428568536716
27.966480102644223,1.1429007097651074,8.290840837943694,134.42358504539183,31.58615641783974
27.94760248058227,1.0585901863517384,11.965253748232126,149.76047908190506,30.163396689429092
27.99708705911684,0.9990756067805682,11.498763984635419,140.59951270062112,32.849811480622485
27.95452303257486,1.1072531872979692,16.99537793004187,145.24070313915595,31.027296199971293
28.119991285291306,1.139658784410934,16.0921198082617,132.44542819681638,28.76533193449245
27.757553408734513,1.0938971433939362,11.39477440986052,143.03582769377567,31.44311394399441
27.841947637128047,1.0771075806908756,10.005563113634448,121.21527518823966,33.47172457335553
27.83982956176312,1.0920318883927047,9.747031760922479,123.68733547626735,31.41960583010008
28.142546138796035,1.0814708618799609,16.609926309410135,126.09211778760186,34.60697747768528
28.25659200588729,1.0325976444029918,5.781086093319046,132.05855773845659,32.64345192282278
27.98433261721938,1.0642659661504785,5.192324742659087,145.3723463497729,32.50813724342055
27.9746767415215,1.1260639952506908,16.93316587889972,130.3879815236379,31.807402601123588
28.010507824466977,1.1160839270688252,12.15719563983574,139.63863580546388,31.897570688353564
28.17428174539123,1.108402990298341,6.963217078303639,141.2794288441045,31.604864547320744
27.860897029871413,1.050242575907331,8.53348901891752,137.58547062265023,31.54659591187621
28.035755347410216,1.0909248418932167,18.987559296460738,130.71725904510407,32.79630074310072
28.146279644467363,0.9911467476778574,17.892544634373472,137.31160025140633,30.59625315531415
28.07516412549098,1.1089238331942697,15.646775753359588,130.2679677836924,30.38615925691361
28.02843724248981,1.1714428853906784,12.2333784550599,122.51621215656036,30.315207423686935
28.15015691388507,1.0262933933978948,12.804854392870785,149.78411934558042,35.06848182151573
27.594515156050115,1.0707036163341124,19.62866802925938,123.81547360897532,32.79551435250587
28.101681297929638,1.1164553389355065,19.486556658264305,122.17045151508172,32.456738302520215
27.901888647530885,1.1626421317213742,8.229035686787514,146.3559224762147,30.413727994559853
27.72540506547153,1.0775887691849926,17.16656849457977,129.05503982678687,32.935013451012246
28.076680389928747,1.0653874835367052,7.958639992505252,139.50890922220523,31.825142980320006
28.206048781774445,1.001553842879196,8.20306216825927,129.87017188986698,32.321253411697626
27.979382722805845,1.1051719064654053,15.141395512468652,131.74362812383413,30.535069526204666
28.142931182080442,1.2021038020071872,11.075016478813225,127.8633891605039,32.240403286126366
28.241841738698298,1.1138679230982338,18.9731661065978,130.2913201737903,31.364249692690276
28.197237168037606,1.0988860510408145,6.3351460234401324,132.3210120175963,30.851583264454717
28.245994679405708,1.1161041155383493,12.672884612142395,141.6124820727703,33.101159503710875
28.111319123660785,1.09944539980257,18.77782295664682,135.34608582704377,29.693438287204998
28.01131504583524,1.0593492813869936,18.561704907192578,148.3069565147093,32.84716439647123
27.759705128215426,1.1411639957838853,7.3479382012361185,121.25641181516326,33.02672920032949
27.963090626780506,1.111288076155588,10.499565501446847,135.09204967896085,30.68053448667314
27.87351301070257,1.100880662596683,14.286821000700444,137.52674366495154,30.7695073083013
28.325641407624673,1.0512316986360877,7.390923271571033,147.6059095822282,31.665461478100397
27.97361712813515,1.165175396596738,19.52033258068608,121.47475570864283,32.42305431569333
28.018480721017674,1.1332351372666556,18.721239930914905,137.20498754805647,31.77071751227866
28.08272280640607,1.072353958131635,7.504252685517038,145.6088978558387,32.65034369028782
28.006540366955868,1.150091242684097,6.817331918914782,127.2578318435771,34.6444694788061
28.254257656064613,1.0751214580807398,6.281127242123979,146.28877045571812,31.23842484627543
27.906602595739834,1.0608998253744482,18.641654960549467,120.57130227822876,29.42723004394487
28.029191118285585,1.0620148441259858,7.904357146931912,141.9736388740119,33.23888537454598
27.888629412145292,1.0114465723455954,11.24427392816532,147.99339663505958,34.524971863891295
27.801996623316896,1.1235771190209103,11.732770484780044,139.71592984920187,32.589152544576685
27.908234636364206,1.0084427560830826,13.985165663203514,133.17087731941345,30.368376986969498
27.994444480442738,1.0385778084367119,6.076030156211374,121.34643049418155,31.8141614551472
27.935604666322412,0.9962205995460734,8.40137926100774,147.60341439967885,30.322214773682553
27.896136853018923,1.0956965153604554,18.97235580378389,134.10888668074725,32.96428324094442
27.789052380449224,1.0924839769864065,18.626151609028543,120.86990233007845,29.97306439595235
27.987534164105696,1.083665189340682,16.71935971108538,140.69463213986285,31.5498068197577
27.77429194389535,1.0478711152664713,5.291018684273231,134.45511760728775,30.49349326055914
28.11400839455344,1.0413883123281682,9.90510152744153,123.73035952327233,32.190237027702445
28.012365962940176,1.1232184931773288,14.419381030143617,126.42815427930779,31.45048748429336
27.78136727508026,1.0724724034145756,9.127853176602136,121.9347204136754,32.265143154875396
27.95361863844252,1.1158179160768074,18.64380042580666,137.2288061912572,32.03352583244955
27.887176539161413,1.0557375656937888,14.508341927486628,138.66088437756028,30.520011458413833
28.047876176562877,1.1090531371385541,6.078600759746684,135.17226895066332,32.940315595293534
28.201067566903472,1.1651639018658033,18.635083832535546,144.51306399007845,31.926851522235328
27.718724129553138,1.1293082900196392,19.366499872643338,145.8302646392404,30.51720648820115
28.017253911872114,1.0793793090891761,6.165686275875882,138.4687319004938,35.36138983430869
27.975980080665003,1.1128599485177963,12.985403522919723,120.38269439122291,32.71464525007569
28.10070101146757,1.0879667412734895,9.550464233212557,140.85688967243206,31.77010916990104
28.031979494235653,1.1003940092347364,10.892586147221035,132.53997650761056,34.122806790052735
27.887204600239176,1.0837194473925749,7.694768269330128,136.9667244967916,34.76272341407991
27.952141909650006,1.0917832397057305,13.671081530186187,139.47241806056653,31.781975866529173
27.880596121479478,1.110604667653709,19.36969029873336,130.5070984298123,32.521096229652144
28.16140107078979,1.0503320650209025,12.546089004074137,147.51295515515383,30.51799577299559
28.00319674730079,1.0492060586505012,6.243718720917217,124.01924600249343,31.779210873847983
28.285178602862953,1.0305728723084395,14.300020002161126,140.14535421843112,31.701406169360194
27.990900877927807,1.0199864447748146,10.103344916768854,120.13078739869741,32.27724055043248
27.89373898496343,1.0391358653889762,17.83887784386947,147.73953316215542,32.49914071795551
27.772942841108076,1.1079731253402065,11.520172224747053,123.37512399714275,32.83974267324209
27.72952904856161,1.0553606242254059,7.8925941341336845,122.84652690442724,32.35646398444994
27.76237960854918,1.1256807232115549,7.866584340367174,129.99022899156734,30.183886060056253
28.040068997651723,1.1017356874376283,16.531462710817408,131.20698858117242,30.592299341388372
28.07630875348449,1.0015747893280973,8.983813974610399,126.42900216968636,31.18038857080449
27.76282139469518,1.1327487792110846,16.508500912388342,137.55364982781373,31.576639112115156
28.134255747111418,1.1405399322795855,8.088309661498991,133.2874229412589,33.57616143570817
27.927540842247485,1.0503068662582575,9.825295530519641,121.02526767123263,30.25559151972063
28.022018951797833,1.1210095771447497,11.98230458659549,129.58956186765903,31.46387742774395
28.241833094238313,1.05717508812954,19.147937745401762,144.31298740719512,33.42951424732107
28.13452589737983,1.1048835188374169,18.97597137130737,140.69104604585607,31.550183788255083
27.959720402814124,1.036775079652252,8.103078131334318,141.7461256073964,32.69062347476424
27.866321166187706,1.0103446773732712,10.373285618646092,140.9435077225057,31.790686935608143
27.677227689800603,1.0808591405193517,7.240990826806585,129.329190641491,32.385174885987084
27.892127002113636,1.0938135526862582,12.649776189702457,122.98991766230327,31.65729118428569
27.968330464175846,1.08011601531927,11.908738260419998,128.17401552099287,33.00059820909253
27.851923070927324,1.040798472088872,18.51140243676099,144.95355900555478,29.682415388890348
27.980311454936153,1.0800050468934432,18.95008066686609,149.41412393349214,31.455031987417183
28.011527782443814,1.1134647376290367,10.753510865109382,134.81541044224684,32.44485901504146
27.96627160272879,1.0977553484938731,12.376069145284841,120.29101064769127,32.80054287200929
27.902499612876483,1.1091250515299607,18.443543737191995,124.20134436402687,34.23942893413074
28.02529820079501,1.0664942399772885,17.100617116175922,129.66241725948797,31.413462999701636
28.06629109743541,1.1585858957358082,5.054844670169739,137.35756045778848,34.21922264279131
27.836440138383573,1.041191333172261,9.800893462753738,122.25280937415943,31.011464260010495
28.21163985696194,1.124378014854336,11.326613629041889,148.30071896129644,33.992969617316966
27.98521178015736,1.1590945546479983,8.445744255248476,130.95251019853202,33.226200690047555
28.002827443441728,1.1240454046374448,7.993574238439081,147.3775265377447,30.629812130551667
28.106232163488485,1.0898737886467587,5.566767598935195,143.41565408271066,32.460558855877736
28.034982419689527,1.0735851476668512,14.650545876046408,142.66311817546745,31.923146246701712
28.14297049508699,1.151804382552313,8.937654357247485,138.20158739346695,32.9383768905125
28.043068624780275,1.0288512537369163,5.785207676469696,138.80351451155533,31.665092617350037
27.908134393803934,1.051493786981018,8.464689657920955,139.14009705648743,31.539130661507404
28.054225528780915,1.080122111725414,17.028709292541897,138.86164161076746,34.053641874144276
27.8284410689019,1.1618826878756,17.7723377246982,136.61184694195083,31.85191865831649
28.016283955866477,1.118988381802045,12.24599367789954,149.59242055448667,33.23963348628765
27.99501550140333,1.051597712074488,11.241060056130292,141.96871702277087,31.6619727724337
27.96878247140912,1.084484614730755,19.667805402526724,143.30839165177565,34.499994888841286
27.98071937328416,1.0692838427951854,8.008469893821049,146.17388445251024,30.98249805599676
27.717722643175353,1.0645105503883234,8.230389242819127,126.46919288177547,31.078784703129223
27.917691263838854,1.148944477927839,9.378007655545996,122.51412477285183,34.28677577167385
28.013926735171168,1.0314128435368248,7.5913597742163095,134.48683309795797,31.33258041365712
28.02397845879961,1.1804390427867189,10.690483973062799,135.4224208685782,34.40161145924659
27.845848728861107,1.1414114845092311,18.662513404846308,144.87545339849754,33.33776086939222
28.189856176129705,1.154543083530185,14.230217609428614,133.31350737847006,31.76802544015875
27.870073772767824,1.076853024398737,11.179198229183955,137.12559076632937,29.280059791974264
28.14541858007901,1.0925029640460446,19.016161918568223,135.81212815540374,31.971022543592248
28.06407915428075,1.0283424092737645,5.7269634871373345,121.14608351272173,32.15244508030014
27.90306590352343,1.07376687964666,8.154142668527921,138.45644689790743,33.75082659995656
28.266296633891425,1.1246827423821577,13.488329076526385,144.84129857322756,34.38267076436017
27.82095447523653,1.16480315308907,14.233289347897687,124.72501644227411,30.97251923128438
28.1378731260415,1.0446421591598776,5.593362598439197,137.82995201779786,33.201772645982274
28.150087347706446,1.0817247031507369,11.045581368606982,137.80831633339244,33.14810323402003
27.899406968638502,1.092435038988374,14.73730947246309,124.92554892169076,33.61011905361567
28.20886979500965,1.0302105398903758,15.471058196051024,123.70390721192209,32.74803486820332
27.962493022810158,1.1295674620879201,14.57209853774404,149.40155828929454,29.086253463557345
28.043304044391977,1.0638004834128696,9.808448365413868,131.81157508959112,31.76686635120836
28.039048275815684,1.0902304824411488,6.402801853968643,126.82265186170588,30.266438637624628
27.979853688779418,1.0774025314044062,11.406686696290011,125.13973633363125,31.69609134062289
28.12162124097397,1.0605330747140163,6.931316560520832,140.02805140749706,33.47000635420084
28.11902330808283,1.0996477507259723,19.214354877810006,138.28335891981837,32.45772625381246
27.737720204014273,1.089219521071599,12.127562990339424,139.30656368962252,33.72213629959615
28.195651036431723,1.0814071058860668,9.758887615353014,122.64018082534356,32.51263088107031
27.75062620179465,1.063576918915983,16.4945610667835,146.8060375049531,30.052511090496647
28.15488193065125,1.1159762335391479,12.469228888733959,131.67799190427144,28.2187294901409
28.169005770524137,1.1826808634246144,9.65051036018675,129.40108219291074,32.223213142519384
27.83635503546772,1.1069943616419564,17.179516135862023,133.87084341743218,31.67911030047325
27.938377856806813,1.1498059107455565,18.00728226501683,131.70198197242885,30.534581390927176
27.83414429972711,1.030488903742327,15.095122494330155,145.90731009417436,29.449059125522933
27.96776184545669,1.1078880719646886,5.70446633611501,147.87782925593677,30.897885179790936
27.953794857372138,1.0451315840514468,13.494843202497982,129.1035964934882,31.708262772702835
28.116949079840403,1.026153753623405,16.449423679959224,145.91807422379864,32.998816735559586
28.196546311917942,1.0630314296270482,7.047545181253732,143.445693885992,32.28294662235197
28.209352571618492,1.1595949667206786,8.43006127076905,147.92423017034287,34.41210087075909
27.915674796013256,1.1475007914334823,18.237426576022045,127.37250936557663,30.44659391593191
27.96861671893832,1.11215023610272,5.301825827796111,137.30877450362937,33.32158833808615
27.747484271166858,1.0233649720055036,16.29090706738964,128.23633754221333,32.07094811469309
27.879119490025573,1.0901859674306031,12.106599387716344,144.72283471453122,33.04200368617788
28.14472774496462,1.115085000445087,11.701582382594104,120.15972571713193,31.345227705101685
28.242337423532234,1.10877681147893,5.106447987423308,136.94457488659188,33.60752056083589
27.81484766921801,1.0078103208259628,17.29097346449739,130.17610293815753,32.44283713751786
27.911130361127064,1.0554841075990065,10.397373509548498,129.6805112123346,30.980832522623377
27.99603913645616,1.0967961117925642,13.111484469508143,139.3471897159475,31.981963956630217
28.04202417382294,1.1268145454758596,15.159510295034892,145.5445334794198,31.64066621159435
27.87855947201175,0.9901936089450027,15.539443646568737,138.2758617417998,32.733767525956694
28.063609156669614,1.091893801226007,19.339700882391085,145.59518935940167,30.230334875938237
27.928924097939362,1.1071524384939477,12.970099298549137,127.9379133564309,31.955972446826458
27.997832159368258,1.1424805994258107,10.995793264616413,135.58505564294944,32.592960878974
28.081942637200555,1.134642879211872,19.30555439737562,133.51609617201228,32.04953496078955
28.00096334047164,1.1291285659404404,14.631653525382816,120.3493469850929,34.020411866583494
27.934542116421014,1.0600029746649033,9.472255344148333,136.70436429422222,33.16103416110658
27.983558529411127,1.0045998931438347,6.896963681053567,139.84572972438525,31.98877880488888
27.9867455561192,1.08034736214693,17.63831752197772,137.7574321325721,32.32503364624651
27.94449834551768,1.150081591260428,10.432724041912273,142.08839696350265,32.443498327223
27.961180590599934,1.1696727263762217,14.907045820466468,137.1401858535923,32.604949406250235
28.23979707557571,1.1355274551148893,12.062246290488472,122.00250764552271,29.261513006503087
28.084137917191185,1.1214670411400869,7.983946696925575,123.49336572254134,31.54771055634598
27.955677952295627,1.1189819824192984,14.025299129306976,137.89423732631857,29.77334139770986
28.10454316067661,1.072194062661961,5.9102460342602345,128.24937575920922,33.91742142118923
27.9499270765366,1.093496985322319,11.200136898067884,122.38935387104297,31.90872571999561
28.175968695637994,1.1834534762913167,13.199224094955065,132.8880823034564,31.709988575480565
28.055446328829714,1.0528720997104062,11.540704611778686,136.62967794250966,33.34519599804985
27.983904678399366,1.1807389395354926,16.230082628764862,129.8623796504882,32.63348719617481
28.06715753887154,1.0838985922753972,17.418874318179686,141.61301106677334,30.30704822843119
27.764368577189725,1.166271605454754,16.56864611049767,139.31311824303734,31.893641956208945
27.83098487966353,1.029659249525123,5.582194217177031,129.98455083275016,31.49724954016042
27.82091124904014,1.1292952100582325,7.911931556689583,142.64617586725683,29.383200667090918
28.021441464214558,1.063161493202619,13.049112638956615,139.46085127599108,30.964585650144194
28.259877249922763,1.0292366404037907,19.022330606657018,139.12336136153706,31.724689516975303
28.334695021928894,1.1109267021205473,17.524351625781755,136.60283102361205,31.827573602762236
28.095707665216114,1.1504735894297986,17.638017625277023,120.34169004265658,29.77665286448404
28.07512667124167,1.0577529280703253,9.548122906395124,140.89521550430666,33.72749837457121
27.72984133987709,1.02504920197708,11.441718456180539,131.2812537332747,31.84684541166284
27.918598930039895,1.0954077617832523,12.06058920973906,148.27829130475968,32.056329614990844
27.881832437213763,1.0956282335611411,7.360573750248657,144.53954313231617,32.60096245750975
27.906872860262332,1.127415981377725,5.466021953666845,137.63083408593937,30.817885619144494
27.974778427212282,1.1474797285682246,19.20354349190775,127.56545945457808,32.684533959699046
27.92918641334543,1.0970292409363753,8.6106887849526,126.11152179833,31.449388030972724
27.70310502844363,1.1927751657397132,8.59923355585447,130.21154513032647,30.65512168902921
28.11218653841763,1.1112117372267647,6.2506858065313935,134.29703830740056,32.8601712400331
27.839088546139028,1.082678674699655,18.92761627915668,128.8819653011684,34.23751078820271
28.03588702961667,1.0194216320448586,13.69605672409658,135.44788486177447,33.08724406022875
28.311112400462495,1.0868670239841918,15.005552856880309,124.96111276539558,33.38446634771065
27.862092311262035,1.0831806527294432,18.673653308945788,149.331384384765,31.21905409015655
27.62045687158805,1.1480152398140735,10.184302533511843,123.23773664894982,29.603570406247314
27.957099366717983,1.1231241812033428,14.322609667071262,147.95832418963116,34.235206283149765
28.165143945249785,1.0410315439183693,5.581991820933312,147.40734034208086,35.08177233410714
28.29375211813309,1.108612719320552,7.80158792346694,135.76081445458493,34.314210160654525
27.815567560832136,1.1335765585864528,17.468687076349138,141.74730815508252,31.496321091530376
28.074504883485478,1.1764015679693918,16.501525345075038,133.08144893917765,30.268048491906733
27.93020343148299,1.1443751983707031,10.259640371857202,138.90103732627315,30.40147595327065
27.98410774685438,1.138042332715574,10.652159416613188,130.21727812263356,29.474401148578927
28.396651502052556,1.1030042997307583,13.003316503303692,129.03477059356337,31.83893207238493
27.774554450740727,1.1194156002711726,5.003615070277018,137.3468935850854,34.40851693712368
28.038060949224185,1.162475245035308,8.618665040570418,134.9438902255194,31.787506052191635
28.070153975764814,1.0333611301260177,8.123477129123216,137.38609107449943,32.45348435052241
28.162867948740903,1.0825280336391523,8.757244201246452,128.5998174386107,34.06339544645631
28.014697473020636,1.061371562562188,17.08858763800162,131.00873495450986,31.3938570322514
28.046207580925614,1.1189576559363064,9.195107848196647,122.51693881886727,35.053297185079394
27.94125271488673,1.1615111087825394,7.872819830752222,121.56829116816617,34.98814161124618
28.040369041186764,1.0701512856639464,12.563951911895472,127.60371389019049,31.803332991979275
27.948521158675387,0.9804847816265282,17.98467554559098,122.22740577991637,31.13369860397118
28.09323578347841,1.0793889627487765,8.620245557562498,123.11324125904223,33.045857069585466
27.944558449593455,1.1456736866008703,6.17804364189198,144.3878521618181,31.478712586221715
28.05656505908533,1.1268814951474941,10.34607103774497,121.16621091050068,30.265167174398997
27.995610577947254,1.1214093123905289,16.214777368474667,139.76828381804228,33.92185798028447
28.168907537615826,1.0860003349062761,13.260358170421918,128.17673246446202,33.82467108091562
27.99229094146173,1.0360484631890108,17.251900543615214,146.1463704212438,32.23326740564534
27.73404512976897,1.1257647160812234,19.393882214138507,134.54976853732498,30.105702869407732
28.1892882251071,1.0582859094982688,16.889937151274253,129.16729377983478,30.15571062317392
27.864140154870608,1.209204836669023,14.0570461826563,135.52916807068303,32.16084393262873
27.901935049202677,1.1285253604177259,12.400123820785709,131.45874057135808,31.250193448242452
27.910650805893475,1.0709675848723026,5.6010362952240005,136.92903194009492,31.488360601787587
28.206165713975622,1.0694307376305687,19.764829682210618,123.43598604979044,33.53294473259
27.679648867903197,1.0953527896693207,10.752216838625639,149.90971508437653,33.09976897613384
28.470662280048998,1.0880249038989125,7.2834232087530015,132.76667633090153,34.06721402074642
28.158408521359906,1.1558416887764977,15.00063283094685,130.44691919122107,30.514065164934113
28.033485837119375,1.1093208084872024,9.26432433643189,141.30629544948795,31.48521264696993
27.991765899907556,1.0634184130545736,13.786674063965714,130.91698219485997,33.13847254319017
28.04283311122865,1.1945220342577891,13.801518617668869,144.99822915086273,32.67211751151934
28.0781683642569,1.1024654165760113,11.685947313543037,133.62812173081275,34.298570573881435
28.09678233789251,1.138441983798445,17.54177923317564,141.58675239796304,32.630805058856104
28.08334066990052,1.069588674627762,8.974505923331645,123.2235964932566,34.77216365615833
28.013437102188288,1.1181557813872263,11.729488874266012,145.38357556665335,32.810026702584715
27.970399236953902,1.11555549955716,13.065381928864571,142.0715396033433,33.59325117138299
27.977309007451975,1.0055175353951924,14.954370811509495,126.35150335385897,31.514727579823315
27.970763757947097,1.2007637555230322,16.75957775758384,124.3585802923736,32.02143081782599
28.17006551453006,1.1645322230461275,10.922109243173841,129.48877046176872,33.36641660575921
28.08903350834213,1.0801402341927007,14.69070416144894,149.28211758095713,34.41946725588958
27.558941704800358,1.0448865129772074,7.259164296027787,127.70494723701177,33.09385542396613
28.098385116479463,1.1173780806901776,18.98972150813718,133.683816268399,31.87524234209807
28.029210429207815,1.10433488497072,10.745882096315054,120.90060677152009,34.066002544292516
27.997193686533116,1.1177834474281616,15.942821329646577,131.91682588698697,28.712032015580178
27.941722232036668,1.1095788698097047,5.305116228232665,137.1396004629931,29.86664824773969
28.1686169079979,1.1253120494652964,8.077807143572105,148.59373837523896,33.02245133550258
28.142128969318428,1.1723652849695905,12.30623816485367,135.50208134820193,32.021162534379684
27.88406834982646,1.1284051602564324,18.173787015985198,144.57321978533062,32.90827047668625
28.06105784306868,1.047517225054503,12.908827249260156,136.413829277067,32.09661128364791
27.854251489818807,1.1681281426356227,18.948057234408186,121.22355040306554,32.85641854190581
27.79305727528166,1.1820307281744145,12.256953448741946,129.45024825569323,30.778395768510215
27.905992416311506,1.2576028367256042,12.35673645103925,137.2664852349331,32.85572912911954
28.129359020857414,1.0438252983380203,6.7962018275079785,148.51781897793373,33.49162179231138
28.142968756806415,1.112144100657514,17.039843662283296,145.773910792537,33.83082590589685
28.076962813014593,0.9958950648405507,8.704481187005937,126.85066842536543,35.02033144197305
28.1087643680272,1.1276574578189607,18.494187340584727,126.60329490057491,32.36614766525358
28.077426743067242,1.0725899850916614,18.662363304955942,126.03518901341702,32.41086663027077
27.903777760716558,1.1961722897412477,19.149651678112246,147.6749668890751,29.715241303739226
28.064788381701092,1.061269251499071,12.80345733654635,145.57998459305162,31.202882898292362
28.12006142878415,1.015540848101637,15.156406771754666,143.24650296758847,31.71037688899008
28.113143699472037,1.076436812964874,16.677738200924953,131.78205342672683,33.57547932841453
28.178337005721197,1.0012256114391431,6.965219279756984,135.131421128963,31.083498313865555
28.10624557708016,1.1375549727253655,14.014357924962459,133.92995234385458,33.194510029623245
28.052717231131236,0.996745847687184,5.514468519549675,127.60194322678117,31.99756742455493
28.160522535747464,1.101422879059158,12.463491250830888,135.150841384463,31.734247827327856
27.99602181111264,0.9961094090071902,7.322640224303411,120.91489643558263,32.37334095369989
27.867718802315842,1.083985109773168,7.74384388943127,123.95431120492377,31.413265441620737
27.975539955408436,1.1821689077902269,10.475713500389023,146.59768788506838,31.356444127861003
27.888264603279033,1.1180323945717898,11.486557500747544,142.55039301094268,29.442821141314827
